customer_id,name,email,membership_age,revenue,preferred_film_language,preferred_film_category,city,preferred_film_year
1,MARY SMITH,MARY.SMITH@sakilacustomer.org,183.0,118.68,['English             '],"['Animation', 'Classics', 'Comedy', 'Documentary', 'Sports']",Sasebo,['00s']
2,PATRICIA JOHNSON,PATRICIA.JOHNSON@sakilacustomer.org,183.0,128.73,['English             '],"['Animation', 'Classics', 'Drama', 'Horror', 'Sports']",San Bernardino,['00s']
3,LINDA WILLIAMS,LINDA.WILLIAMS@sakilacustomer.org,183.0,135.74,['English             '],"['Animation', 'Comedy', 'Drama', 'Sci-Fi', 'Travel']",Athenai,['00s']
4,BARBARA JONES,BARBARA.JONES@sakilacustomer.org,183.0,81.78,['English             '],"['Comedy', 'Documentary', 'Foreign', 'Sci-Fi', 'Travel']",Myingyan,['00s']
5,ELIZABETH BROWN,ELIZABETH.BROWN@sakilacustomer.org,183.0,144.62,['English             '],"['Animation', 'Classics', 'Family', 'Games', 'Sports']",Nantou,['00s']
6,JENNIFER DAVIS,JENNIFER.DAVIS@sakilacustomer.org,183.0,93.72,['English             '],"['Animation', 'Children', 'Documentary', 'Drama', 'Sci-Fi']",Laredo,['00s']
7,MARIA MILLER,MARIA.MILLER@sakilacustomer.org,183.0,151.67,['English             '],"['Action', 'Animation', 'Family', 'Sports', 'Travel']",Kragujevac,['00s']
8,SUSAN WILSON,SUSAN.WILSON@sakilacustomer.org,183.0,92.76,['English             '],"['Classics', 'Documentary', 'Family', 'Sports', 'Travel']",Hamilton,['00s']
9,MARGARET MOORE,MARGARET.MOORE@sakilacustomer.org,183.0,89.77,['English             '],"['Classics', 'Comedy', 'Foreign', 'Sports', 'Travel']",Masqat,['00s']
10,DOROTHY TAYLOR,DOROTHY.TAYLOR@sakilacustomer.org,183.0,99.75,['English             '],"['Action', 'Children', 'Foreign', 'Horror', 'Sports']",Esfahan,['00s']
11,LISA ANDERSON,LISA.ANDERSON@sakilacustomer.org,183.0,106.76,['English             '],"['Action', 'Children', 'Drama', 'Horror', 'Music']",Sagamihara,['00s']
12,NANCY THOMAS,NANCY.THOMAS@sakilacustomer.org,183.0,103.72,['English             '],"['Classics', 'Comedy', 'Documentary', 'Drama', 'Travel']",Yamuna Nagar,['00s']
13,KAREN JACKSON,KAREN.JACKSON@sakilacustomer.org,183.0,131.73,['English             '],"['Classics', 'Documentary', 'Family', 'Foreign', 'Sports']",Osmaniye,['00s']
14,BETTY WHITE,BETTY.WHITE@sakilacustomer.org,183.0,117.72,['English             '],"['Action', 'Children', 'Documentary', 'Drama', 'Foreign']",Citrus Heights,['00s']
15,HELEN HARRIS,HELEN.HARRIS@sakilacustomer.org,183.0,134.68,['English             '],"['Children', 'Classics', 'Foreign', 'Games', 'Sports']",Bhopal,['00s']
16,SANDRA MARTIN,SANDRA.MARTIN@sakilacustomer.org,183.0,120.71,['English             '],"['Action', 'Animation', 'Children', 'Games', 'Sports']",Southend-on-Sea,['00s']
17,DONNA THOMPSON,DONNA.THOMPSON@sakilacustomer.org,183.0,98.79,['English             '],"['Children', 'Drama', 'Foreign', 'Games', 'Sci-Fi']",Elista,['00s']
18,CAROL GARCIA,CAROL.GARCIA@sakilacustomer.org,183.0,91.78,['English             '],"['Action', 'Classics', 'Music', 'Sports', 'Travel']",Kaduna,['00s']
19,RUTH MARTINEZ,RUTH.MARTINEZ@sakilacustomer.org,183.0,125.76,['English             '],"['Action', 'Games', 'Horror', 'Sports', 'Travel']",Kimberley,['00s']
20,SHARON ROBINSON,SHARON.ROBINSON@sakilacustomer.org,183.0,115.7,['English             '],"['Action', 'Children', 'Comedy', 'Family', 'Sports']",Mardan,['00s']
21,MICHELLE CLARK,MICHELLE.CLARK@sakilacustomer.org,183.0,155.65,['English             '],"['Action', 'Family', 'Foreign', 'Sci-Fi', 'Sports']",Tangail,['00s']
22,LAURA RODRIGUEZ,LAURA.RODRIGUEZ@sakilacustomer.org,183.0,113.78,['English             '],"['Action', 'Animation', 'Comedy', 'Foreign', 'Sports']",Sal,['00s']
23,SARAH LEWIS,SARAH.LEWIS@sakilacustomer.org,183.0,119.7,['English             '],"['Animation', 'Family', 'Horror', 'Sci-Fi', 'Sports']",Liepaja,['00s']
24,KIMBERLY LEE,KIMBERLY.LEE@sakilacustomer.org,183.0,95.75,['English             '],"['Animation', 'Children', 'Classics', 'Games', 'Travel']",Crdoba,['00s']
25,DEBORAH WALKER,DEBORAH.WALKER@sakilacustomer.org,183.0,115.71,['English             '],"['Classics', 'Drama', 'Foreign', 'Horror', 'Sci-Fi']",Shikarpur,['00s']
26,JESSICA HALL,JESSICA.HALL@sakilacustomer.org,183.0,152.66,['English             '],"['Action', 'Documentary', 'Drama', 'Foreign', 'Horror']",Citt del Vaticano,['00s']
27,SHIRLEY ALLEN,SHIRLEY.ALLEN@sakilacustomer.org,183.0,126.69,['English             '],"['Animation', 'Children', 'Classics', 'Foreign', 'Sports']",Davao,['00s']
28,CYNTHIA YOUNG,CYNTHIA.YOUNG@sakilacustomer.org,183.0,111.68,['English             '],"['Action', 'Documentary', 'Drama', 'Family', 'Sci-Fi']",Munger (Monghyr),['00s']
29,ANGELA HERNANDEZ,ANGELA.HERNANDEZ@sakilacustomer.org,183.0,140.64,['English             '],"['Animation', 'Children', 'Documentary', 'Family', 'Horror']",Shimonoseki,['00s']
30,MELISSA KING,MELISSA.KING@sakilacustomer.org,183.0,123.66,['English             '],"['Action', 'Children', 'Comedy', 'Documentary', 'Travel']",Lungtan,['00s']
31,BRENDA WRIGHT,BRENDA.WRIGHT@sakilacustomer.org,183.0,104.74,['English             '],"['Action', 'Classics', 'Documentary', 'Foreign', 'Games']",Kamarhati,['00s']
32,AMY LOPEZ,AMY.LOPEZ@sakilacustomer.org,183.0,127.71,['English             '],"['Action', 'Animation', 'Classics', 'Comedy', 'Games']",Jhansi,['00s']
33,ANNA HILL,ANNA.HILL@sakilacustomer.org,183.0,91.79,['English             '],"['Animation', 'Children', 'Classics', 'Comedy', 'Sports']",Alessandria,['00s']
34,REBECCA SCOTT,REBECCA.SCOTT@sakilacustomer.org,183.0,89.76,['English             '],"['Comedy', 'Drama', 'Games', 'Horror', 'Travel']",Kurashiki,['00s']
35,VIRGINIA GREEN,VIRGINIA.GREEN@sakilacustomer.org,183.0,129.68,['English             '],"['Comedy', 'Drama', 'Foreign', 'Sci-Fi', 'Sports']",Toulouse,['00s']
36,KATHLEEN ADAMS,KATHLEEN.ADAMS@sakilacustomer.org,183.0,92.73,['English             '],"['Animation', 'Children', 'Classics', 'Comedy', 'Music']",Arak,['00s']
37,PAMELA BAKER,PAMELA.BAKER@sakilacustomer.org,183.0,95.77,['English             '],"['Classics', 'Comedy', 'Family', 'Horror', 'Music']",Nanyang,['00s']
38,MARTHA GONZALEZ,MARTHA.GONZALEZ@sakilacustomer.org,183.0,127.66,['English             '],"['Animation', 'Children', 'Classics', 'Foreign', 'Games']",Chisinau,['00s']
39,DEBRA NELSON,DEBRA.NELSON@sakilacustomer.org,183.0,141.71,['English             '],"['Animation', 'Drama', 'Family', 'Horror', 'Travel']",Vila Velha,['00s']
40,AMANDA CARTER,AMANDA.CARTER@sakilacustomer.org,183.0,110.73,['English             '],"['Action', 'Children', 'Comedy', 'Drama', 'Horror']",Nador,['00s']
41,STEPHANIE MITCHELL,STEPHANIE.MITCHELL@sakilacustomer.org,183.0,118.75,['English             '],"['Animation', 'Drama', 'Foreign', 'Horror', 'Sci-Fi']",Yerevan,['00s']
42,CAROLYN PEREZ,CAROLYN.PEREZ@sakilacustomer.org,183.0,117.7,['English             '],"['Action', 'Documentary', 'Drama', 'Sci-Fi', 'Travel']",Pak Kret,['00s']
43,CHRISTINE ROBERTS,CHRISTINE.ROBERTS@sakilacustomer.org,183.0,99.76,['English             '],"['Action', 'Classics', 'Drama', 'Family', 'Foreign']",Faaa,['00s']
44,MARIE TURNER,MARIE.TURNER@sakilacustomer.org,183.0,114.74,['English             '],"['Animation', 'Comedy', 'Horror', 'Music', 'Travel']",Lipetsk,['00s']
45,JANET PHILLIPS,JANET.PHILLIPS@sakilacustomer.org,183.0,127.73,['English             '],"['Classics', 'Drama', 'Games', 'Horror', 'Sci-Fi']",Antofagasta,['00s']
46,CATHERINE CAMPBELL,CATHERINE.CAMPBELL@sakilacustomer.org,183.0,142.66,['English             '],"['Animation', 'Classics', 'Games', 'Horror', 'Travel']",Moscow,['00s']
47,FRANCES PARKER,FRANCES.PARKER@sakilacustomer.org,183.0,108.78,['English             '],"['Animation', 'Children', 'Comedy', 'Documentary', 'Drama']",Juazeiro do Norte,['00s']
48,ANN EVANS,ANN.EVANS@sakilacustomer.org,183.0,76.83,['English             '],"['Animation', 'Children', 'Drama', 'Foreign', 'Music']",Niznekamsk,['00s']
49,JOYCE EDWARDS,JOYCE.EDWARDS@sakilacustomer.org,183.0,130.72,['English             '],"['Animation', 'Children', 'Drama', 'Family', 'Games']",Jedda,['00s']
50,DIANE COLLINS,DIANE.COLLINS@sakilacustomer.org,183.0,169.65,['English             '],"['Children', 'Documentary', 'Foreign', 'Horror', 'Music']",Omdurman,['00s']
51,ALICE STEWART,ALICE.STEWART@sakilacustomer.org,183.0,138.67,['English             '],"['Animation', 'Comedy', 'Documentary', 'Drama', 'Games']",Fontana,['00s']
52,JULIE SANCHEZ,JULIE.SANCHEZ@sakilacustomer.org,183.0,107.71,['English             '],"['Action', 'Children', 'Classics', 'Comedy', 'Documentary']",A Corua (La Corua),['00s']
53,HEATHER MORRIS,HEATHER.MORRIS@sakilacustomer.org,183.0,115.7,['English             '],"['Action', 'Animation', 'Classics', 'Documentary', 'Sports']",Nagareyama,['00s']
54,TERESA ROGERS,TERESA.ROGERS@sakilacustomer.org,183.0,128.71,['English             '],"['Animation', 'Classics', 'Comedy', 'Family', 'Games']",Iwakuni,['00s']
55,DORIS REED,DORIS.REED@sakilacustomer.org,183.0,100.78,['English             '],"['Documentary', 'Family', 'Foreign', 'Horror', 'Sports']",Balaiha,['00s']
56,GLORIA COOK,GLORIA.COOK@sakilacustomer.org,183.0,135.7,['English             '],"['Action', 'Classics', 'Comedy', 'Drama', 'Horror']",Papeete,['00s']
57,EVELYN MORGAN,EVELYN.MORGAN@sakilacustomer.org,183.0,114.72,['English             '],"['Classics', 'Drama', 'Foreign', 'Horror', 'Sci-Fi']",Vaduz,['00s']
58,JEAN BELL,JEAN.BELL@sakilacustomer.org,183.0,115.73,['English             '],"['Action', 'Comedy', 'Drama', 'Foreign', 'Games']",Kuching,['00s']
59,CHERYL MURPHY,CHERYL.MURPHY@sakilacustomer.org,183.0,133.73,['English             '],"['Comedy', 'Documentary', 'Family', 'Sports', 'Travel']",Mysore,['00s']
60,MILDRED BAILEY,MILDRED.BAILEY@sakilacustomer.org,183.0,98.75,['English             '],"['Children', 'Drama', 'Foreign', 'Music', 'Sports']",Jaipur,['00s']
61,KATHERINE RIVERA,KATHERINE.RIVERA@sakilacustomer.org,183.0,58.86,['English             '],"['Classics', 'Documentary', 'Music', 'Sci-Fi', 'Sports']",Basel,['00s']
62,JOAN COOPER,JOAN.COOPER@sakilacustomer.org,183.0,84.77,['English             '],"['Animation', 'Documentary', 'Horror', 'Music', 'Sci-Fi']",Saint Louis,['00s']
63,ASHLEY RICHARDSON,ASHLEY.RICHARDSON@sakilacustomer.org,183.0,112.75,['English             '],"['Action', 'Children', 'Comedy', 'Documentary', 'Family']",Lincoln,['00s']
64,JUDITH COX,JUDITH.COX@sakilacustomer.org,183.0,100.67,['English             '],"['Action', 'Animation', 'Comedy', 'Documentary', 'Music']",Daxian,['00s']
65,ROSE HOWARD,ROSE.HOWARD@sakilacustomer.org,183.0,103.78,['English             '],"['Animation', 'Comedy', 'Documentary', 'Drama', 'Foreign']",Cayenne,['00s']
66,JANICE WARD,JANICE.WARD@sakilacustomer.org,183.0,144.66,['English             '],"['Action', 'Classics', 'Drama', 'Games', 'Horror']",Malm,['00s']
67,KELLY TORRES,KELLY.TORRES@sakilacustomer.org,183.0,99.78,['English             '],"['Action', 'Comedy', 'Drama', 'Family', 'Horror']",Xiangtan,['00s']
68,NICOLE PETERSON,NICOLE.PETERSON@sakilacustomer.org,183.0,94.78,['English             '],"['Children', 'Classics', 'Family', 'Games', 'Horror']",Shivapuri,['00s']
69,JUDY GRAY,JUDY.GRAY@sakilacustomer.org,183.0,96.75,['English             '],"['Family', 'Games', 'Horror', 'Music', 'Sci-Fi']",Bchar,['00s']
70,CHRISTINA RAMIREZ,CHRISTINA.RAMIREZ@sakilacustomer.org,183.0,80.82,['English             '],"['Action', 'Animation', 'Family', 'Horror', 'Sports']",al-Hawiya,['00s']
71,KATHY JAMES,KATHY.JAMES@sakilacustomer.org,183.0,129.7,['English             '],"['Animation', 'Drama', 'Foreign', 'Music', 'Sports']",Baybay,['00s']
72,THERESA WATSON,THERESA.WATSON@sakilacustomer.org,183.0,99.7,['English             '],"['Animation', 'Drama', 'Music', 'Sports', 'Travel']",Taguig,['00s']
73,BEVERLY BROOKS,BEVERLY.BROOKS@sakilacustomer.org,183.0,97.76,['English             '],"['Children', 'Documentary', 'Foreign', 'Games', 'Horror']",Chiayi,['00s']
74,DENISE KELLY,DENISE.KELLY@sakilacustomer.org,183.0,103.73,['English             '],"['Animation', 'Children', 'Classics', 'Sci-Fi', 'Sports']",Rio Claro,['00s']
75,TAMMY SANDERS,TAMMY.SANDERS@sakilacustomer.org,183.0,155.59,['English             '],"['Children', 'Classics', 'Drama', 'Foreign', 'Games']",Changhwa,['00s']
76,IRENE PRICE,IRENE.PRICE@sakilacustomer.org,183.0,77.77,['English             '],"['Action', 'Animation', 'Children', 'Documentary', 'Games']",Pavlodar,['00s']
77,JANE BENNETT,JANE.BENNETT@sakilacustomer.org,183.0,100.72,['English             '],"['Classics', 'Documentary', 'Games', 'Horror', 'Sports']",Araatuba,['00s']
78,LORI WOOD,LORI.WOOD@sakilacustomer.org,183.0,141.69,['English             '],"['Animation', 'Drama', 'Games', 'Sci-Fi', 'Sports']",Rae Bareli,['00s']
79,RACHEL BARNES,RACHEL.BARNES@sakilacustomer.org,183.0,84.78,['English             '],"['Documentary', 'Family', 'Foreign', 'Sci-Fi', 'Travel']",Kamakura,['00s']
80,MARILYN ROSS,MARILYN.ROSS@sakilacustomer.org,183.0,137.7,['English             '],"['Action', 'Animation', 'Classics', 'Family', 'Games']",Ife,['00s']
81,ANDREA HENDERSON,ANDREA.HENDERSON@sakilacustomer.org,183.0,93.78,['English             '],"['Family', 'Games', 'Horror', 'Sports', 'Travel']",Mahajanga,['00s']
82,KATHRYN COLEMAN,KATHRYN.COLEMAN@sakilacustomer.org,183.0,130.74,['English             '],"['Action', 'Animation', 'Drama', 'Sci-Fi', 'Travel']",Simferopol,['00s']
83,LOUISE JENKINS,LOUISE.JENKINS@sakilacustomer.org,183.0,101.75,['English             '],"['Action', 'Animation', 'Classics', 'Family', 'Sci-Fi']",Springs,['00s']
84,SARA PERRY,SARA.PERRY@sakilacustomer.org,183.0,141.67,['English             '],"['Animation', 'Documentary', 'Foreign', 'Games', 'Sports']",Atlixco,['00s']
85,ANNE POWELL,ANNE.POWELL@sakilacustomer.org,183.0,87.77,['English             '],"['Action', 'Classics', 'Comedy', 'Drama', 'Sci-Fi']",Bradford,['00s']
86,JACQUELINE LONG,JACQUELINE.LONG@sakilacustomer.org,183.0,148.67,['English             '],"['Animation', 'Documentary', 'Foreign', 'Sports', 'Travel']",Songkhla,['00s']
87,WANDA PATTERSON,WANDA.PATTERSON@sakilacustomer.org,183.0,145.7,['English             '],"['Children', 'Classics', 'Drama', 'Sci-Fi', 'Sports']",Sincelejo,['00s']
88,BONNIE HUGHES,BONNIE.HUGHES@sakilacustomer.org,183.0,87.79,['English             '],"['Animation', 'Family', 'Games', 'Music', 'Travel']",Cheju,['00s']
89,JULIA FLORES,JULIA.FLORES@sakilacustomer.org,183.0,134.68,['English             '],"['Action', 'Comedy', 'Documentary', 'Drama', 'Sports']",La Plata,['00s']
90,RUBY WASHINGTON,RUBY.WASHINGTON@sakilacustomer.org,183.0,110.72,['English             '],"['Animation', 'Documentary', 'Horror', 'Music', 'Sci-Fi']",Meixian,['00s']
91,LOIS BUTLER,LOIS.BUTLER@sakilacustomer.org,183.0,113.65,['English             '],"['Action', 'Children', 'Comedy', 'Documentary', 'Sports']",Bandar Seri Begawan,['00s']
92,TINA SIMMONS,TINA.SIMMONS@sakilacustomer.org,183.0,133.72,['English             '],"['Action', 'Comedy', 'Documentary', 'Family', 'Travel']",Goinia,['00s']
93,PHYLLIS FOSTER,PHYLLIS.FOSTER@sakilacustomer.org,183.0,91.77,['English             '],"['Classics', 'Foreign', 'Horror', 'Music', 'Sports']",Zalantun,['00s']
94,NORMA GONZALES,NORMA.GONZALES@sakilacustomer.org,183.0,79.79,['English             '],"['Action', 'Animation', 'Documentary', 'Games', 'Sci-Fi']",Bislig,['00s']
95,PAULA BRYANT,PAULA.BRYANT@sakilacustomer.org,183.0,77.82,['English             '],"['Classics', 'Comedy', 'Documentary', 'Drama', 'Foreign']",Pathankot,['00s']
96,DIANA ALEXANDER,DIANA.ALEXANDER@sakilacustomer.org,183.0,105.73,['English             '],"['Action', 'Classics', 'Documentary', 'Foreign', 'Games']",Augusta-Richmond County,['00s']
97,ANNIE RUSSELL,ANNIE.RUSSELL@sakilacustomer.org,183.0,58.82,['English             '],"['Action', 'Animation', 'Family', 'Foreign', 'Music']",Tete,['00s']
98,LILLIAN GRIFFIN,LILLIAN.GRIFFIN@sakilacustomer.org,183.0,106.75,['English             '],"['Action', 'Documentary', 'Horror', 'Music', 'Sports']",al-Ayn,['00s']
99,EMILY DIAZ,EMILY.DIAZ@sakilacustomer.org,183.0,91.76,['English             '],"['Animation', 'Family', 'Games', 'Sci-Fi', 'Sports']",Kimchon,['00s']
100,ROBIN HAYES,ROBIN.HAYES@sakilacustomer.org,183.0,102.76,['English             '],"['Action', 'Animation', 'Classics', 'Comedy', 'Drama']",Jelets,['00s']
101,PEGGY MYERS,PEGGY.MYERS@sakilacustomer.org,183.0,96.76,['English             '],"['Animation', 'Horror', 'Sci-Fi', 'Sports', 'Travel']",Abha,['00s']
102,CRYSTAL FORD,CRYSTAL.FORD@sakilacustomer.org,183.0,137.67,['English             '],"['Classics', 'Drama', 'Games', 'Sci-Fi', 'Sports']",Ashdod,['00s']
103,GLADYS HAMILTON,GLADYS.HAMILTON@sakilacustomer.org,183.0,146.69,['English             '],"['Action', 'Animation', 'Drama', 'Sports', 'Travel']",Ilorin,['00s']
104,RITA GRAHAM,RITA.GRAHAM@sakilacustomer.org,183.0,92.76,['English             '],"['Documentary', 'Drama', 'Family', 'Foreign', 'Sports']",Toulon,['00s']
105,DAWN SULLIVAN,DAWN.SULLIVAN@sakilacustomer.org,183.0,120.74,['English             '],"['Children', 'Horror', 'Music', 'Sci-Fi', 'Sports']",Funafuti,['00s']
106,CONNIE WALLACE,CONNIE.WALLACE@sakilacustomer.org,183.0,100.77,['English             '],"['Classics', 'Drama', 'Games', 'Horror', 'Travel']",Ivanovo,['00s']
107,FLORENCE WOODS,FLORENCE.WOODS@sakilacustomer.org,183.0,126.7,['English             '],"['Documentary', 'Games', 'Horror', 'Sci-Fi', 'Sports']",Merlo,['00s']
108,TRACY COLE,TRACY.COLE@sakilacustomer.org,183.0,132.7,['English             '],"['Animation', 'Comedy', 'Documentary', 'Family', 'Sci-Fi']",Huixquilucan,['00s']
109,EDNA WEST,EDNA.WEST@sakilacustomer.org,183.0,107.74,['English             '],"['Classics', 'Drama', 'Games', 'Sci-Fi', 'Sports']",Klerksdorp,['00s']
110,TIFFANY JORDAN,TIFFANY.JORDAN@sakilacustomer.org,183.0,59.86,['English             '],"['Action', 'Animation', 'Documentary', 'Foreign', 'Horror']",Enshi,['00s']
111,CARMEN OWENS,CARMEN.OWENS@sakilacustomer.org,183.0,97.74,['English             '],"['Animation', 'Drama', 'Foreign', 'Games', 'Travel']",Caracas,['00s']
112,ROSA REYNOLDS,ROSA.REYNOLDS@sakilacustomer.org,183.0,133.7,['English             '],"['Animation', 'Classics', 'Documentary', 'Family', 'Games']",Lancaster,['00s']
113,CINDY FISHER,CINDY.FISHER@sakilacustomer.org,183.0,113.71,['English             '],"['Action', 'Documentary', 'Foreign', 'Games', 'Sci-Fi']",Cuman,['00s']
114,GRACE ELLIS,GRACE.ELLIS@sakilacustomer.org,183.0,139.67,['English             '],"['Classics', 'Drama', 'Family', 'Foreign', 'Sports']",Duisburg,['00s']
115,WENDY HARRISON,WENDY.HARRISON@sakilacustomer.org,183.0,91.7,['English             '],"['Action', 'Children', 'Classics', 'Foreign', 'Music']",Nezahualcyotl,['00s']
116,VICTORIA GIBSON,VICTORIA.GIBSON@sakilacustomer.org,183.0,111.73,['English             '],"['Animation', 'Classics', 'Family', 'Foreign', 'Games']",Pemalang,['00s']
117,EDITH MCDONALD,EDITH.MCDONALD@sakilacustomer.org,183.0,71.81,['English             '],"['Children', 'Drama', 'Foreign', 'Sci-Fi', 'Sports']",Gandhinagar,['00s']
118,KIM CRUZ,KIM.CRUZ@sakilacustomer.org,183.0,82.79,['English             '],"['Classics', 'Comedy', 'Foreign', 'Horror', 'Sports']",Grand Prairie,['00s']
119,SHERRY MARSHALL,SHERRY.MARSHALL@sakilacustomer.org,183.0,153.66,['English             '],"['Action', 'Drama', 'Family', 'Sci-Fi', 'Sports']",Shubra al-Khayma,['00s']
120,SYLVIA ORTIZ,SYLVIA.ORTIZ@sakilacustomer.org,183.0,143.68,['English             '],"['Documentary', 'Drama', 'Games', 'Music', 'Sports']",Dos Quebradas,['00s']
121,JOSEPHINE GOMEZ,JOSEPHINE.GOMEZ@sakilacustomer.org,183.0,109.74,['English             '],"['Action', 'Children', 'Comedy', 'Drama', 'Sports']",Etawah,['00s']
122,THELMA MURRAY,THELMA.MURRAY@sakilacustomer.org,183.0,126.68,['English             '],"['Classics', 'Documentary', 'Family', 'Sports', 'Travel']",Lima,['00s']
123,SHANNON FREEMAN,SHANNON.FREEMAN@sakilacustomer.org,183.0,100.76,['English             '],"['Action', 'Children', 'Drama', 'Family', 'Sports']",Varanasi (Benares),['00s']
124,SHEILA WELLS,SHEILA.WELLS@sakilacustomer.org,183.0,73.82,['English             '],"['Action', 'Children', 'Classics', 'Documentary', 'Drama']",Ktahya,['00s']
125,ETHEL WEBB,ETHEL.WEBB@sakilacustomer.org,183.0,135.68,['English             '],"['Action', 'Animation', 'Drama', 'Horror', 'Sports']",Boksburg,['00s']
126,ELLEN SIMPSON,ELLEN.SIMPSON@sakilacustomer.org,183.0,117.72,['English             '],"['Classics', 'Drama', 'Family', 'Foreign', 'Games']",Po,['00s']
127,ELAINE STEVENS,ELAINE.STEVENS@sakilacustomer.org,183.0,107.76,['English             '],"['Animation', 'Children', 'Classics', 'Family', 'Games']",Smolensk,['00s']
128,MARJORIE TUCKER,MARJORIE.TUCKER@sakilacustomer.org,183.0,127.68,['English             '],"['Animation', 'Comedy', 'Music', 'Sci-Fi', 'Sports']",Jastrzebie-Zdrj,['00s']
129,CARRIE PORTER,CARRIE.PORTER@sakilacustomer.org,183.0,124.66,['English             '],"['Children', 'Classics', 'Comedy', 'Games', 'Horror']",Liaocheng,['00s']
130,CHARLOTTE HUNTER,CHARLOTTE.HUNTER@sakilacustomer.org,183.0,93.76,['English             '],"['Classics', 'Family', 'Foreign', 'Games', 'Sci-Fi']",guas Lindas de Gois,['00s']
131,MONICA HICKS,MONICA.HICKS@sakilacustomer.org,183.0,128.7,['English             '],"['Animation', 'Comedy', 'Drama', 'Music', 'Sports']",Mukateve,['00s']
132,ESTHER CRAWFORD,ESTHER.CRAWFORD@sakilacustomer.org,183.0,95.72,['English             '],"['Animation', 'Classics', 'Foreign', 'Music', 'Sports']",Botshabelo,['00s']
133,PAULINE HENRY,PAULINE.HENRY@sakilacustomer.org,183.0,98.73,['English             '],"['Action', 'Documentary', 'Drama', 'Sci-Fi', 'Sports']",Torren,['00s']
134,EMMA BOYD,EMMA.BOYD@sakilacustomer.org,183.0,94.77,['English             '],"['Animation', 'Comedy', 'Documentary', 'Sports', 'Travel']",Qalyub,['00s']
135,JUANITA MASON,JUANITA.MASON@sakilacustomer.org,183.0,110.7,['English             '],"['Animation', 'Children', 'Games', 'Sci-Fi', 'Sports']",Pune,['00s']
136,ANITA MORALES,ANITA.MORALES@sakilacustomer.org,183.0,62.85,['English             '],"['Children', 'Classics', 'Documentary', 'Drama', 'Music']",Hubli-Dharwad,['00s']
137,RHONDA KENNEDY,RHONDA.KENNEDY@sakilacustomer.org,183.0,194.61,['English             '],"['Animation', 'Comedy', 'Horror', 'Sports', 'Travel']",Apeldoorn,['00s']
138,HAZEL WARREN,HAZEL.WARREN@sakilacustomer.org,183.0,110.66,['English             '],"['Action', 'Children', 'Drama', 'Games', 'Sports']",Hohhot,['00s']
139,AMBER DIXON,AMBER.DIXON@sakilacustomer.org,183.0,113.73,['English             '],"['Action', 'Animation', 'Drama', 'Foreign', 'Horror']",Touliu,['00s']
140,EVA RAMOS,EVA.RAMOS@sakilacustomer.org,183.0,83.82,['English             '],"['Family', 'Foreign', 'Games', 'Sci-Fi', 'Sports']",Clarksville,['00s']
141,DEBBIE REYES,DEBBIE.REYES@sakilacustomer.org,183.0,130.68,['English             '],"['Children', 'Comedy', 'Documentary', 'Games', 'Sci-Fi']",Fukuyama,['00s']
142,APRIL BURNS,APRIL.BURNS@sakilacustomer.org,183.0,94.74,['English             '],"['Action', 'Classics', 'Documentary', 'Foreign', 'Sports']",Dundee,['00s']
143,LESLIE GORDON,LESLIE.GORDON@sakilacustomer.org,183.0,89.78,['English             '],"['Action', 'Animation', 'Children', 'Documentary', 'Sci-Fi']",Kilis,['00s']
144,CLARA SHAW,CLARA.SHAW@sakilacustomer.org,183.0,195.58,['English             '],"['Classics', 'Comedy', 'Documentary', 'Drama', 'Family']",Molodetno,['00s']
145,LUCILLE HOLMES,LUCILLE.HOLMES@sakilacustomer.org,183.0,108.72,['English             '],"['Animation', 'Drama', 'Foreign', 'Sci-Fi', 'Travel']",Soshanguve,['00s']
146,JAMIE RICE,JAMIE.RICE@sakilacustomer.org,183.0,139.71,['English             '],"['Action', 'Animation', 'Drama', 'Games', 'Music']",Sterling Heights,['00s']
147,JOANNE ROBERTSON,JOANNE.ROBERTSON@sakilacustomer.org,183.0,127.66,['English             '],"['Action', 'Animation', 'Drama', 'Family', 'Music']",Urawa,['00s']
148,ELEANOR HUNT,ELEANOR.HUNT@sakilacustomer.org,183.0,216.54,['English             '],"['Classics', 'Foreign', 'Games', 'Sci-Fi', 'Travel']",Saint-Denis,['00s']
149,VALERIE BLACK,VALERIE.BLACK@sakilacustomer.org,183.0,121.74,['English             '],"['Children', 'Documentary', 'Family', 'Sci-Fi', 'Sports']",Brockton,['00s']
150,DANIELLE DANIELS,DANIELLE.DANIELS@sakilacustomer.org,183.0,105.75,['English             '],"['Animation', 'Drama', 'Horror', 'Sci-Fi', 'Sports']",Hidalgo,['00s']
151,MEGAN PALMER,MEGAN.PALMER@sakilacustomer.org,183.0,92.73,['English             '],"['Action', 'Animation', 'Drama', 'Horror', 'Travel']",Laiwu,['00s']
152,ALICIA MILLS,ALICIA.MILLS@sakilacustomer.org,183.0,83.79,['English             '],"['Animation', 'Children', 'Comedy', 'Documentary', 'Drama']",Nagaon,['00s']
153,SUZANNE NICHOLS,SUZANNE.NICHOLS@sakilacustomer.org,183.0,94.76,['English             '],"['Action', 'Children', 'Classics', 'Comedy', 'Horror']",Jakarta,['00s']
154,MICHELE GRANT,MICHELE.GRANT@sakilacustomer.org,183.0,130.7,['English             '],"['Action', 'Children', 'Games', 'Sci-Fi', 'Travel']",Yuncheng,['00s']
155,GAIL KNIGHT,GAIL.KNIGHT@sakilacustomer.org,183.0,109.75,['English             '],"['Action', 'Animation', 'Classics', 'Family', 'Games']",Bern,['00s']
156,BERTHA FERGUSON,BERTHA.FERGUSON@sakilacustomer.org,183.0,101.75,['English             '],"['Action', 'Children', 'Comedy', 'Drama', 'Travel']",Ondo,['00s']
157,DARLENE ROSE,DARLENE.ROSE@sakilacustomer.org,183.0,113.69,['English             '],"['Action', 'Animation', 'Comedy', 'Foreign', 'Music']",Pyongyang,['00s']
158,VERONICA STONE,VERONICA.STONE@sakilacustomer.org,183.0,126.68,['English             '],"['Action', 'Animation', 'Children', 'Sci-Fi', 'Sports']",Greensboro,['00s']
159,JILL HAWKINS,JILL.HAWKINS@sakilacustomer.org,183.0,68.79,['English             '],"['Animation', 'Classics', 'Comedy', 'Drama', 'Family']",Linz,['00s']
160,ERIN DUNN,ERIN.DUNN@sakilacustomer.org,183.0,106.73,['English             '],"['Action', 'Animation', 'Classics', 'Games', 'Music']",Ljubertsy,['00s']
161,GERALDINE PERKINS,GERALDINE.PERKINS@sakilacustomer.org,183.0,112.7,['English             '],"['Action', 'Animation', 'Documentary', 'Family', 'Foreign']",Tel Aviv-Jaffa,['00s']
162,LAUREN HUDSON,LAUREN.HUDSON@sakilacustomer.org,183.0,71.8,['English             '],"['Animation', 'Classics', 'Documentary', 'Drama', 'Sports']",Le Mans,['00s']
163,CATHY SPENCER,CATHY.SPENCER@sakilacustomer.org,183.0,122.71,['English             '],"['Action', 'Animation', 'Classics', 'Family', 'Sports']",Kakamigahara,['00s']
164,JOANN GARDNER,JOANN.GARDNER@sakilacustomer.org,183.0,66.84,['English             '],"['Children', 'Documentary', 'Foreign', 'Games', 'Music']",Tarsus,['00s']
165,LORRAINE STEPHENS,LORRAINE.STEPHENS@sakilacustomer.org,183.0,86.79,['English             '],"['Animation', 'Children', 'Classics', 'Family', 'Sci-Fi']",Hami,['00s']
166,LYNN PAYNE,LYNN.PAYNE@sakilacustomer.org,183.0,123.72,['English             '],"['Classics', 'Comedy', 'Music', 'Sci-Fi', 'Sports']",Lilongwe,['00s']
167,SALLY PIERCE,SALLY.PIERCE@sakilacustomer.org,183.0,119.68,['English             '],"['Action', 'Drama', 'Games', 'Music', 'Travel']",Chandrapur,['00s']
168,REGINA BERRY,REGINA.BERRY@sakilacustomer.org,183.0,135.66,['English             '],"['Animation', 'Foreign', 'Games', 'Horror', 'Travel']",Jinchang,['00s']
169,ERICA MATTHEWS,ERICA.MATTHEWS@sakilacustomer.org,183.0,95.78,['English             '],"['Children', 'Documentary', 'Foreign', 'Games', 'Sports']",Pingxiang,['00s']
170,BEATRICE ARNOLD,BEATRICE.ARNOLD@sakilacustomer.org,183.0,119.74,['English             '],"['Family', 'Foreign', 'Games', 'Horror', 'Sci-Fi']",Udaipur,['00s']
171,DOLORES WAGNER,DOLORES.WAGNER@sakilacustomer.org,183.0,114.74,['English             '],"['Action', 'Children', 'Horror', 'Sci-Fi', 'Sports']",Ipoh,['00s']
172,BERNICE WILLIS,BERNICE.WILLIS@sakilacustomer.org,183.0,145.67,['English             '],"['Animation', 'Children', 'Drama', 'Horror', 'Music']",Batman,['00s']
173,AUDREY RAY,AUDREY.RAY@sakilacustomer.org,183.0,119.71,['English             '],"['Action', 'Comedy', 'Drama', 'Games', 'Horror']",Graz,['00s']
174,YVONNE WATKINS,YVONNE.WATKINS@sakilacustomer.org,183.0,92.79,['English             '],"['Action', 'Animation', 'Comedy', 'Documentary', 'Drama']",Ocumare del Tuy,['00s']
175,ANNETTE OLSON,ANNETTE.OLSON@sakilacustomer.org,183.0,98.76,['English             '],"['Documentary', 'Drama', 'Family', 'Horror', 'Travel']",Allappuzha (Alleppey),['00s']
176,JUNE CARROLL,JUNE.CARROLL@sakilacustomer.org,183.0,173.63,['English             '],"['Animation', 'Comedy', 'Foreign', 'Sci-Fi', 'Sports']",Skikda,['00s']
177,SAMANTHA DUNCAN,SAMANTHA.DUNCAN@sakilacustomer.org,183.0,71.77,['English             '],"['Children', 'Documentary', 'Drama', 'Sports', 'Travel']",Matamoros,['00s']
178,MARION SNYDER,MARION.SNYDER@sakilacustomer.org,183.0,194.61,['English             '],"['Action', 'Animation', 'Documentary', 'Foreign', 'Sports']",Santa Brbara dOeste,['00s']
179,DANA HART,DANA.HART@sakilacustomer.org,183.0,133.71,['English             '],"['Action', 'Children', 'Foreign', 'Games', 'Sci-Fi']",Kirovo-Tepetsk,['00s']
180,STACY CUNNINGHAM,STACY.CUNNINGHAM@sakilacustomer.org,183.0,98.77,['English             '],"['Action', 'Drama', 'Games', 'Sports', 'Travel']",Pereira,['00s']
181,ANA BRADLEY,ANA.BRADLEY@sakilacustomer.org,183.0,174.66,['English             '],"['Action', 'Classics', 'Foreign', 'Games', 'Travel']",Memphis,['00s']
182,RENEE LANE,RENEE.LANE@sakilacustomer.org,183.0,97.74,['English             '],"['Action', 'Comedy', 'Games', 'Horror', 'Sci-Fi']",Compton,['00s']
183,IDA ANDREWS,IDA.ANDREWS@sakilacustomer.org,183.0,76.77,['English             '],"['Action', 'Foreign', 'Games', 'Horror', 'Sci-Fi']",Luzinia,['00s']
184,VIVIAN RUIZ,VIVIAN.RUIZ@sakilacustomer.org,183.0,90.77,['English             '],"['Animation', 'Documentary', 'Family', 'Horror', 'Music']",s-Hertogenbosch,['00s']
185,ROBERTA HARPER,ROBERTA.HARPER@sakilacustomer.org,183.0,84.77,['English             '],"['Animation', 'Children', 'Classics', 'Drama', 'Foreign']",Shahr-e Kord,['00s']
186,HOLLY FOX,HOLLY.FOX@sakilacustomer.org,183.0,114.69,['English             '],"['Classics', 'Comedy', 'Documentary', 'Drama', 'Foreign']",Haldia,['00s']
187,BRITTANY RILEY,BRITTANY.RILEY@sakilacustomer.org,183.0,159.72,['English             '],"['Action', 'Classics', 'Drama', 'Games', 'Music']",Sumy,['00s']
188,MELANIE ARMSTRONG,MELANIE.ARMSTRONG@sakilacustomer.org,183.0,92.75,['English             '],"['Action', 'Comedy', 'Documentary', 'Drama', 'Travel']",Bayugan,['00s']
189,LORETTA CARPENTER,LORETTA.CARPENTER@sakilacustomer.org,183.0,93.78,['English             '],"['Animation', 'Children', 'Games', 'Sci-Fi', 'Sports']",Oshawa,['00s']
190,YOLANDA WEAVER,YOLANDA.WEAVER@sakilacustomer.org,183.0,110.73,['English             '],"['Classics', 'Documentary', 'Drama', 'Games', 'Travel']",Tabora,['00s']
191,JEANETTE GREENE,JEANETTE.GREENE@sakilacustomer.org,183.0,74.8,['English             '],"['Action', 'Children', 'Family', 'Foreign', 'Horror']",Novoterkassk,['00s']
192,LAURIE LAWRENCE,LAURIE.LAWRENCE@sakilacustomer.org,183.0,99.77,['English             '],"['Animation', 'Classics', 'Comedy', 'Games', 'Travel']",Firozabad,['00s']
193,KATIE ELLIOTT,KATIE.ELLIOTT@sakilacustomer.org,183.0,109.75,['English             '],"['Animation', 'Children', 'Games', 'Horror', 'Sports']",Kisumu,['00s']
194,KRISTEN CHAVEZ,KRISTEN.CHAVEZ@sakilacustomer.org,183.0,87.82,['English             '],"['Animation', 'Drama', 'Family', 'Horror', 'Travel']",Hino,['00s']
195,VANESSA SIMS,VANESSA.SIMS@sakilacustomer.org,183.0,86.81,['English             '],"['Documentary', 'Drama', 'Games', 'Music', 'Sports']",Siegen,['00s']
196,ALMA AUSTIN,ALMA.AUSTIN@sakilacustomer.org,183.0,151.65,['English             '],"['Action', 'Animation', 'Drama', 'Family', 'Horror']",Mannheim,['00s']
197,SUE PETERS,SUE.PETERS@sakilacustomer.org,183.0,154.6,['English             '],"['Animation', 'Children', 'Classics', 'Comedy', 'Travel']",Changzhou,['00s']
198,ELSIE KELLEY,ELSIE.KELLEY@sakilacustomer.org,183.0,141.63,['English             '],"['Action', 'Comedy', 'Foreign', 'Horror', 'Sci-Fi']",Ikerre,['00s']
199,BETH FRANKLIN,BETH.FRANKLIN@sakilacustomer.org,183.0,103.75,['English             '],"['Children', 'Comedy', 'Drama', 'Family', 'Sports']",Haiphong,['00s']
200,JEANNE LAWSON,JEANNE.LAWSON@sakilacustomer.org,183.0,136.73,['English             '],"['Action', 'Classics', 'Documentary', 'Games', 'Horror']",Ashgabat,['00s']
201,VICKI FIELDS,VICKI.FIELDS@sakilacustomer.org,183.0,108.75,['English             '],"['Animation', 'Classics', 'Documentary', 'Games', 'Sports']",Witten,['00s']
202,CARLA GUTIERREZ,CARLA.GUTIERREZ@sakilacustomer.org,183.0,103.74,['English             '],"['Action', 'Animation', 'Children', 'Foreign', 'Travel']",Bhusawal,['00s']
203,TARA RYAN,TARA.RYAN@sakilacustomer.org,183.0,88.8,['English             '],"['Action', 'Children', 'Classics', 'Documentary', 'Drama']",Gorontalo,['00s']
204,ROSEMARY SCHMIDT,ROSEMARY.SCHMIDT@sakilacustomer.org,183.0,147.65,['English             '],"['Children', 'Family', 'Foreign', 'Horror', 'Travel']",Usak,['00s']
205,EILEEN CARR,EILEEN.CARR@sakilacustomer.org,183.0,80.82,['English             '],"['Action', 'Drama', 'Sci-Fi', 'Sports', 'Travel']",Ciudad del Este,['00s']
206,TERRI VASQUEZ,TERRI.VASQUEZ@sakilacustomer.org,183.0,126.73,['English             '],"['Action', 'Animation', 'Children', 'Family', 'Music']",Blumenau,['00s']
207,GERTRUDE CASTILLO,GERTRUDE.CASTILLO@sakilacustomer.org,183.0,137.66,['English             '],"['Classics', 'Documentary', 'Family', 'Horror', 'Sports']",Nuuk,['00s']
208,LUCY WHEELER,LUCY.WHEELER@sakilacustomer.org,183.0,91.74,['English             '],"['Action', 'Animation', 'Children', 'Documentary', 'Games']",Balurghat,['00s']
209,TONYA CHAPMAN,TONYA.CHAPMAN@sakilacustomer.org,183.0,161.68,['English             '],"['Action', 'Children', 'Classics', 'Drama', 'Horror']",Bhilwara,['00s']
210,ELLA OLIVER,ELLA.OLIVER@sakilacustomer.org,183.0,137.69,['English             '],"['Children', 'Drama', 'Family', 'Foreign', 'Sports']",Aden,['00s']
211,STACEY MONTGOMERY,STACEY.MONTGOMERY@sakilacustomer.org,183.0,151.66,['English             '],"['Animation', 'Classics', 'Games', 'Music', 'Sci-Fi']",Fuyu,['00s']
212,WILMA RICHARDS,WILMA.RICHARDS@sakilacustomer.org,183.0,91.8,['English             '],"['Children', 'Classics', 'Games', 'Sci-Fi', 'Sports']",Bellevue,['00s']
213,GINA WILLIAMSON,GINA.WILLIAMSON@sakilacustomer.org,183.0,111.72,['English             '],"['Children', 'Documentary', 'Family', 'Games', 'Sports']",Taizz,['00s']
214,KRISTIN JOHNSTON,KRISTIN.JOHNSTON@sakilacustomer.org,183.0,116.69,['English             '],"['Children', 'Comedy', 'Foreign', 'Music', 'Sports']",Sunnyvale,['00s']
215,JESSIE BANKS,JESSIE.BANKS@sakilacustomer.org,183.0,91.74,['English             '],"['Comedy', 'Family', 'Foreign', 'Music', 'Sports']",Stara Zagora,['00s']
216,NATALIE MEYER,NATALIE.MEYER@sakilacustomer.org,183.0,95.77,['English             '],"['Animation', 'Family', 'Horror', 'Sports', 'Travel']",Aparecida de Goinia,['00s']
217,AGNES BISHOP,AGNES.BISHOP@sakilacustomer.org,183.0,98.77,['English             '],"['Classics', 'Documentary', 'Drama', 'Games', 'Sci-Fi']",Sambhal,['00s']
218,VERA MCCOY,VERA.MCCOY@sakilacustomer.org,183.0,67.82,['English             '],"['Action', 'Classics', 'Comedy', 'Documentary', 'Family']",Kabul,['00s']
219,WILLIE HOWELL,WILLIE.HOWELL@sakilacustomer.org,183.0,101.74,['English             '],"['Animation', 'Comedy', 'Games', 'Music', 'Sci-Fi']",Vicente Lpez,['00s']
220,CHARLENE ALVAREZ,CHARLENE.ALVAREZ@sakilacustomer.org,183.0,114.73,['English             '],"['Drama', 'Family', 'Games', 'Music', 'Sports']",Zanzibar,['00s']
221,BESSIE MORRISON,BESSIE.MORRISON@sakilacustomer.org,183.0,132.72,['English             '],"['Animation', 'Children', 'Comedy', 'Documentary', 'Drama']",Syrakusa,['00s']
222,DELORES HANSEN,DELORES.HANSEN@sakilacustomer.org,183.0,91.79,['English             '],"['Children', 'Classics', 'Family', 'Games', 'Sports']",Jaroslavl,['00s']
223,MELINDA FERNANDEZ,MELINDA.FERNANDEZ@sakilacustomer.org,183.0,80.83,['English             '],"['Drama', 'Foreign', 'Games', 'Sci-Fi', 'Sports']",Mandi Bahauddin,['00s']
224,PEARL GARZA,PEARL.GARZA@sakilacustomer.org,183.0,76.78,['English             '],"['Action', 'Documentary', 'Foreign', 'Sports', 'Travel']",Jodhpur,['00s']
225,ARLENE HARVEY,ARLENE.HARVEY@sakilacustomer.org,183.0,120.74,['English             '],"['Documentary', 'Horror', 'Music', 'Sci-Fi', 'Travel']",Ambattur,['00s']
226,MAUREEN LITTLE,MAUREEN.LITTLE@sakilacustomer.org,183.0,87.79,['English             '],"['Animation', 'Classics', 'Foreign', 'Music', 'Sci-Fi']",Asuncin,['00s']
227,COLLEEN BURTON,COLLEEN.BURTON@sakilacustomer.org,183.0,87.76,['English             '],"['Action', 'Animation', 'Children', 'Foreign', 'Sci-Fi']",Saarbrcken,['00s']
228,ALLISON STANLEY,ALLISON.STANLEY@sakilacustomer.org,183.0,92.73,['English             '],"['Action', 'Drama', 'Foreign', 'Games', 'Sports']",Phnom Penh,['00s']
229,TAMARA NGUYEN,TAMARA.NGUYEN@sakilacustomer.org,183.0,93.75,['English             '],"['Documentary', 'Drama', 'Family', 'Music', 'Sports']",Anpolis,['00s']
230,JOY GEORGE,JOY.GEORGE@sakilacustomer.org,183.0,124.67,['English             '],"['Animation', 'Classics', 'Drama', 'Family', 'Sci-Fi']",Botosani,['00s']
231,GEORGIA JACOBS,GEORGIA.JACOBS@sakilacustomer.org,183.0,110.74,['English             '],"['Action', 'Animation', 'Children', 'Comedy', 'Music']",Uttarpara-Kotrung,['00s']
232,CONSTANCE REID,CONSTANCE.REID@sakilacustomer.org,183.0,95.75,['English             '],"['Action', 'Animation', 'Children', 'Foreign', 'Sci-Fi']",Zaria,['00s']
233,LILLIE KIM,LILLIE.KIM@sakilacustomer.org,183.0,89.77,['English             '],"['Comedy', 'Documentary', 'Foreign', 'Games', 'Sci-Fi']",Idfu,['00s']
234,CLAUDIA FULLER,CLAUDIA.FULLER@sakilacustomer.org,183.0,111.74,['English             '],"['Action', 'Children', 'Classics', 'Foreign', 'Sports']",Jalib al-Shuyukh,['00s']
235,JACKIE LYNCH,JACKIE.LYNCH@sakilacustomer.org,183.0,93.75,['English             '],"['Animation', 'Documentary', 'Drama', 'Family', 'Games']",Buenaventura,['00s']
236,MARCIA DEAN,MARCIA.DEAN@sakilacustomer.org,183.0,175.58,['English             '],"['Animation', 'Family', 'Foreign', 'Games', 'Horror']",Tanza,['00s']
237,TANYA GILBERT,TANYA.GILBERT@sakilacustomer.org,183.0,144.67,['English             '],"['Children', 'Classics', 'Games', 'Music', 'Sports']",Naju,['00s']
238,NELLIE GARRETT,NELLIE.GARRETT@sakilacustomer.org,183.0,94.79,['English             '],"['Children', 'Classics', 'Family', 'Games', 'Sci-Fi']",Shimoga,['00s']
239,MINNIE ROMERO,MINNIE.ROMERO@sakilacustomer.org,183.0,142.66,['English             '],"['Action', 'Animation', 'Drama', 'Family', 'Horror']",Ciomas,['00s']
240,MARLENE WELCH,MARLENE.WELCH@sakilacustomer.org,183.0,117.74,['English             '],"['Action', 'Children', 'Documentary', 'Family', 'Games']",Iwaki,['00s']
241,HEIDI LARSON,HEIDI.LARSON@sakilacustomer.org,183.0,122.66,['English             '],"['Action', 'Children', 'Drama', 'Family', 'Games']",Xiangfan,['00s']
242,GLENDA FRAZIER,GLENDA.FRAZIER@sakilacustomer.org,183.0,140.68,['English             '],"['Classics', 'Documentary', 'Drama', 'Family', 'Games']",Qinhuangdao,['00s']
243,LYDIA BURKE,LYDIA.BURKE@sakilacustomer.org,183.0,82.76,['English             '],"['Action', 'Children', 'Drama', 'Games', 'Horror']",San Miguel de Tucumn,['00s']
244,VIOLA HANSON,VIOLA.HANSON@sakilacustomer.org,183.0,129.68,['English             '],"['Children', 'Comedy', 'Drama', 'Family', 'Foreign']",Lapu-Lapu,['00s']
245,COURTNEY DAY,COURTNEY.DAY@sakilacustomer.org,183.0,132.68,['English             '],"['Animation', 'Children', 'Classics', 'Foreign', 'Sports']",Uijongbu,['00s']
246,MARIAN MENDOZA,MARIAN.MENDOZA@sakilacustomer.org,183.0,107.77,['English             '],"['Classics', 'Drama', 'Foreign', 'Games', 'Sci-Fi']",Maring,['00s']
247,STELLA MORENO,STELLA.MORENO@sakilacustomer.org,183.0,104.78,['English             '],"['Action', 'Children', 'Documentary', 'Sci-Fi', 'Sports']",Coacalco de Berriozbal,['00s']
248,CAROLINE BOWMAN,CAROLINE.BOWMAN@sakilacustomer.org,183.0,50.85,['English             '],"['Action', 'Children', 'Foreign', 'Games', 'Sci-Fi']",Tallahassee,['00s']
249,DORA MEDINA,DORA.MEDINA@sakilacustomer.org,183.0,107.77,['English             '],"['Action', 'Classics', 'Comedy', 'Horror', 'Travel']",Tianjin,['00s']
250,JO FOWLER,JO.FOWLER@sakilacustomer.org,183.0,73.8,['English             '],"['Drama', 'Foreign', 'Games', 'Sci-Fi', 'Travel']",Oyo,['00s']
251,VICKIE BREWER,VICKIE.BREWER@sakilacustomer.org,183.0,120.69,['English             '],"['Animation', 'Classics', 'Drama', 'Music', 'Sci-Fi']",Halle/Saale,['00s']
252,MATTIE HOFFMAN,MATTIE.HOFFMAN@sakilacustomer.org,183.0,64.78,['English             '],"['Action', 'Children', 'Comedy', 'Documentary', 'Sports']",London,['00s']
253,TERRY CARLSON,TERRY.CARLSON@sakilacustomer.org,183.0,127.71,['English             '],"['Action', 'Animation', 'Documentary', 'Family', 'Foreign']",Miyakonojo,['00s']
254,MAXINE SILVA,MAXINE.SILVA@sakilacustomer.org,183.0,116.68,['English             '],"['Animation', 'Documentary', 'Drama', 'Games', 'Sci-Fi']",Poos de Caldas,['00s']
255,IRMA PEARSON,IRMA.PEARSON@sakilacustomer.org,183.0,70.82,['English             '],"['Animation', 'Classics', 'Comedy', 'Games', 'Sports']",Hagonoy,['00s']
256,MABEL HOLLAND,MABEL.HOLLAND@sakilacustomer.org,183.0,112.7,['English             '],"['Comedy', 'Documentary', 'Drama', 'Family', 'Games']",Monywa,['00s']
257,MARSHA DOUGLAS,MARSHA.DOUGLAS@sakilacustomer.org,183.0,151.63,['English             '],"['Action', 'Children', 'Family', 'Foreign', 'Games']",Beira,['00s']
258,MYRTLE FLEMING,MYRTLE.FLEMING@sakilacustomer.org,183.0,110.76,['English             '],"['Action', 'Documentary', 'Family', 'Foreign', 'Games']",Santiago de los Caballeros,['00s']
259,LENA JENSEN,LENA.JENSEN@sakilacustomer.org,183.0,170.67,['English             '],"['Children', 'Classics', 'Comedy', 'Drama', 'Sports']",Halisahar,['00s']
260,CHRISTY VARGAS,CHRISTY.VARGAS@sakilacustomer.org,183.0,122.69,['English             '],"['Animation', 'Drama', 'Games', 'Music', 'Sports']",Datong,['00s']
261,DEANNA BYRD,DEANNA.BYRD@sakilacustomer.org,183.0,107.74,['English             '],"['Animation', 'Comedy', 'Documentary', 'Foreign', 'Music']",Tuguegarao,['00s']
262,PATSY DAVIDSON,PATSY.DAVIDSON@sakilacustomer.org,183.0,119.72,['English             '],"['Animation', 'Drama', 'Games', 'Horror', 'Music']",Portoviejo,['00s']
263,HILDA HOPKINS,HILDA.HOPKINS@sakilacustomer.org,183.0,122.71,['English             '],"['Games', 'Music', 'Sci-Fi', 'Sports', 'Travel']",Mandaluyong,['00s']
264,GWENDOLYN MAY,GWENDOLYN.MAY@sakilacustomer.org,183.0,98.75,['English             '],"['Animation', 'Classics', 'Music', 'Sci-Fi', 'Travel']",Higashiosaka,['00s']
265,JENNIE TERRY,JENNIE.TERRY@sakilacustomer.org,183.0,133.71,['English             '],"['Children', 'Comedy', 'Family', 'Foreign', 'Sports']",Olomouc,['00s']
266,NORA HERRERA,NORA.HERRERA@sakilacustomer.org,183.0,118.72,['English             '],"['Children', 'Classics', 'Documentary', 'Games', 'Sports']",Salzburg,['00s']
267,MARGIE WADE,MARGIE.WADE@sakilacustomer.org,183.0,159.64,['English             '],"['Documentary', 'Family', 'Foreign', 'Games', 'Horror']",Lengshuijiang,['00s']
268,NINA SOTO,NINA.SOTO@sakilacustomer.org,183.0,123.71,['English             '],"['Action', 'Children', 'Documentary', 'Music', 'Travel']",Palghat (Palakkad),['00s']
269,CASSANDRA WALTERS,CASSANDRA.WALTERS@sakilacustomer.org,183.0,129.7,['English             '],"['Action', 'Animation', 'Classics', 'Drama', 'Travel']",Salinas,['00s']
270,LEAH CURTIS,LEAH.CURTIS@sakilacustomer.org,183.0,104.75,['English             '],"['Children', 'Comedy', 'Family', 'Music', 'Sports']",Kalisz,['00s']
271,PENNY NEAL,PENNY.NEAL@sakilacustomer.org,183.0,68.82,['English             '],"['Animation', 'Children', 'Games', 'Sports', 'Travel']",Kumbakonam,['00s']
272,KAY CALDWELL,KAY.CALDWELL@sakilacustomer.org,183.0,98.8,['English             '],"['Action', 'Animation', 'Classics', 'Documentary', 'Family']",Yantai,['00s']
273,PRISCILLA LOWE,PRISCILLA.LOWE@sakilacustomer.org,183.0,157.65,['English             '],"['Animation', 'Documentary', 'Family', 'Games', 'Sci-Fi']",Salamanca,['00s']
274,NAOMI JENNINGS,NAOMI.JENNINGS@sakilacustomer.org,183.0,152.65,['English             '],"['Action', 'Family', 'Foreign', 'Sci-Fi', 'Sports']",Karnal,['00s']
275,CAROLE BARNETT,CAROLE.BARNETT@sakilacustomer.org,183.0,108.7,['English             '],"['Action', 'Classics', 'Games', 'Horror', 'Sports']",Peoria,['00s']
276,BRANDY GRAVES,BRANDY.GRAVES@sakilacustomer.org,183.0,122.72,['English             '],"['Action', 'Comedy', 'Documentary', 'Drama', 'Horror']",Warren,['00s']
277,OLGA JIMENEZ,OLGA.JIMENEZ@sakilacustomer.org,183.0,144.68,['English             '],"['Animation', 'Children', 'Comedy', 'Games', 'Sports']",Ogbomosho,['00s']
278,BILLIE HORTON,BILLIE.HORTON@sakilacustomer.org,183.0,88.74,['English             '],"['Comedy', 'Documentary', 'Drama', 'Foreign', 'Games']",Inegl,['00s']
279,DIANNE SHELTON,DIANNE.SHELTON@sakilacustomer.org,183.0,135.69,['English             '],"['Action', 'Animation', 'Comedy', 'Games', 'Sci-Fi']",Tabriz,['00s']
280,TRACEY BARRETT,TRACEY.BARRETT@sakilacustomer.org,183.0,118.73,['English             '],"['Children', 'Documentary', 'Family', 'Foreign', 'Sci-Fi']",Owo,['00s']
281,LEONA OBRIEN,LEONA.OBRIEN@sakilacustomer.org,183.0,50.86,['English             '],"['Animation', 'Children', 'Comedy', 'Drama', 'Games']",Fuzhou,['00s']
282,JENNY CASTRO,JENNY.CASTRO@sakilacustomer.org,183.0,103.73,['English             '],"['Documentary', 'Foreign', 'Horror', 'Sports', 'Travel']",Ponce,['00s']
283,FELICIA SUTTON,FELICIA.SUTTON@sakilacustomer.org,183.0,86.72,['English             '],"['Action', 'Animation', 'Classics', 'Documentary', 'Sci-Fi']",Korla,['00s']
284,SONIA GREGORY,SONIA.GREGORY@sakilacustomer.org,183.0,126.72,['English             '],"['Drama', 'Foreign', 'Games', 'Sci-Fi', 'Travel']",Benin City,['00s']
285,MIRIAM MCKINNEY,MIRIAM.MCKINNEY@sakilacustomer.org,183.0,135.74,['English             '],"['Action', 'Children', 'Documentary', 'Sci-Fi', 'Sports']",Otsu,['00s']
286,VELMA LUCAS,VELMA.LUCAS@sakilacustomer.org,183.0,117.73,['English             '],"['Action', 'Comedy', 'Documentary', 'Music', 'Sci-Fi']",Effon-Alaiye,['00s']
287,BECKY MILES,BECKY.MILES@sakilacustomer.org,183.0,115.71,['English             '],"['Action', 'Animation', 'Comedy', 'Drama', 'Sci-Fi']",Tambaram,['00s']
288,BOBBIE CRAIG,BOBBIE.CRAIG@sakilacustomer.org,183.0,80.76,['English             '],"['Action', 'Classics', 'Drama', 'Music', 'Sports']",Valle de Santiago,['00s']
289,VIOLET RODRIQUEZ,VIOLET.RODRIQUEZ@sakilacustomer.org,183.0,142.7,['English             '],"['Action', 'Foreign', 'Games', 'Horror', 'Sports']",Kowloon and New Kowloon,['00s']
290,KRISTINA CHAMBERS,KRISTINA.CHAMBERS@sakilacustomer.org,183.0,109.72,['English             '],"['Action', 'Comedy', 'Horror', 'Sci-Fi', 'Travel']",Valle de la Pascua,['00s']
291,TONI HOLT,TONI.HOLT@sakilacustomer.org,183.0,95.77,['English             '],"['Classics', 'Documentary', 'Games', 'Music', 'Sci-Fi']",Roanoke,['00s']
292,MISTY LAMBERT,MISTY.LAMBERT@sakilacustomer.org,183.0,118.73,['English             '],"['Classics', 'Documentary', 'Drama', 'Family', 'Sci-Fi']",Sharja,['00s']
293,MAE FLETCHER,MAE.FLETCHER@sakilacustomer.org,183.0,158.69,['English             '],"['Animation', 'Classics', 'Comedy', 'Documentary', 'Sports']",Donostia-San Sebastin,['00s']
294,SHELLY WATTS,SHELLY.WATTS@sakilacustomer.org,183.0,113.74,['English             '],"['Animation', 'Comedy', 'Drama', 'Horror', 'Sports']",Dayton,['00s']
295,DAISY BATES,DAISY.BATES@sakilacustomer.org,183.0,162.62,['English             '],"['Classics', 'Family', 'Foreign', 'Games', 'Sports']",Kolpino,['00s']
296,RAMONA HALE,RAMONA.HALE@sakilacustomer.org,183.0,129.7,['English             '],"['Comedy', 'Drama', 'Family', 'Music', 'Sports']",Patiala,['00s']
297,SHERRI RHODES,SHERRI.RHODES@sakilacustomer.org,183.0,128.67,['English             '],"['Action', 'Animation', 'Children', 'Horror', 'Sci-Fi']",Ahmadnagar,['00s']
298,ERIKA PENA,ERIKA.PENA@sakilacustomer.org,183.0,101.74,['English             '],"['Children', 'Drama', 'Games', 'Horror', 'Sports']",Oulu,['00s']
299,JAMES GANNON,JAMES.GANNON@sakilacustomer.org,183.0,131.7,['English             '],"['Action', 'Classics', 'Documentary', 'Foreign', 'Games']",Hiroshima,['00s']
300,JOHN FARNSWORTH,JOHN.FARNSWORTH@sakilacustomer.org,183.0,137.69,['English             '],"['Action', 'Drama', 'Foreign', 'Games', 'Music']",Parbhani,['00s']
301,ROBERT BAUGHMAN,ROBERT.BAUGHMAN@sakilacustomer.org,183.0,92.79,['English             '],"['Action', 'Classics', 'Music', 'Sci-Fi', 'Travel']",Kaliningrad,['00s']
302,MICHAEL SILVERMAN,MICHAEL.SILVERMAN@sakilacustomer.org,183.0,127.71,['English             '],"['Animation', 'Comedy', 'Drama', 'Games', 'Travel']",Tiefa,['00s']
303,WILLIAM SATTERFIELD,WILLIAM.SATTERFIELD@sakilacustomer.org,183.0,100.74,['English             '],"['Classics', 'Documentary', 'Drama', 'Family', 'Sports']",Sanaa,['00s']
304,DAVID ROYAL,DAVID.ROYAL@sakilacustomer.org,183.0,115.74,['English             '],"['Classics', 'Family', 'Sci-Fi', 'Sports', 'Travel']",Callao,['00s']
305,RICHARD MCCRARY,RICHARD.MCCRARY@sakilacustomer.org,183.0,109.75,['English             '],"['Comedy', 'Documentary', 'Drama', 'Foreign', 'Travel']",Arlington,['00s']
306,CHARLES KOWALSKI,CHARLES.KOWALSKI@sakilacustomer.org,183.0,138.68,['English             '],"['Comedy', 'Drama', 'Games', 'Sci-Fi', 'Sports']",Sungai Petani,['00s']
307,JOSEPH JOY,JOSEPH.JOY@sakilacustomer.org,183.0,134.7,['English             '],"['Animation', 'Drama', 'Family', 'Games', 'Music']",Angra dos Reis,['00s']
308,THOMAS GRIGSBY,THOMAS.GRIGSBY@sakilacustomer.org,183.0,105.75,['English             '],"['Action', 'Animation', 'Family', 'Music', 'Sports']",Kansas City,['00s']
309,CHRISTOPHER GRECO,CHRISTOPHER.GRECO@sakilacustomer.org,183.0,147.69,['English             '],"['Action', 'Children', 'Drama', 'Horror', 'Sports']",Brescia,['00s']
310,DANIEL CABRAL,DANIEL.CABRAL@sakilacustomer.org,183.0,97.8,['English             '],"['Children', 'Comedy', 'Documentary', 'Drama', 'Foreign']",Ibirit,['00s']
311,PAUL TROUT,PAUL.TROUT@sakilacustomer.org,183.0,120.77,['English             '],"['Action', 'Comedy', 'Documentary', 'Music', 'Travel']",Kursk,['00s']
312,MARK RINEHART,MARK.RINEHART@sakilacustomer.org,183.0,104.74,['English             '],"['Action', 'Drama', 'Music', 'Sports', 'Travel']",Tabuk,['00s']
313,DONALD MAHON,DONALD.MAHON@sakilacustomer.org,183.0,89.77,['English             '],"['Action', 'Animation', 'Drama', 'Family', 'Sci-Fi']",Ezhou,['00s']
314,GEORGE LINTON,GEORGE.LINTON@sakilacustomer.org,183.0,131.67,['English             '],"['Action', 'Children', 'Comedy', 'Drama', 'Sports']",Sorocaba,['00s']
315,KENNETH GOODEN,KENNETH.GOODEN@sakilacustomer.org,183.0,84.83,['English             '],"['Comedy', 'Family', 'Foreign', 'Sports', 'Travel']",Bat Yam,['00s']
316,STEVEN CURLEY,STEVEN.CURLEY@sakilacustomer.org,183.0,132.71,['English             '],"['Drama', 'Games', 'Horror', 'Sci-Fi', 'Sports']",Miraj,['00s']
317,EDWARD BAUGH,EDWARD.BAUGH@sakilacustomer.org,183.0,114.72,['English             '],"['Animation', 'Documentary', 'Games', 'Sci-Fi', 'Sports']",Trshavn,['00s']
318,BRIAN WYMAN,BRIAN.WYMAN@sakilacustomer.org,183.0,52.88,['English             '],"['Action', 'Comedy', 'Documentary', 'Drama', 'Family']",Bydgoszcz,['00s']
319,RONALD WEINER,RONALD.WEINER@sakilacustomer.org,183.0,132.7,['English             '],"['Children', 'Documentary', 'Drama', 'Horror', 'Sci-Fi']",San Felipe del Progreso,['00s']
320,ANTHONY SCHWAB,ANTHONY.SCHWAB@sakilacustomer.org,183.0,71.8,['English             '],"['Animation', 'Children', 'Classics', 'Comedy', 'Sports']",Tafuna,['00s']
321,KEVIN SCHULER,KEVIN.SCHULER@sakilacustomer.org,183.0,116.78,['English             '],"['Classics', 'Comedy', 'Foreign', 'Sci-Fi', 'Sports']",Birgunj,['00s']
322,JASON MORRISSEY,JASON.MORRISSEY@sakilacustomer.org,183.0,128.72,['English             '],"['Animation', 'Comedy', 'Drama', 'Sci-Fi', 'Sports']",Baha Blanca,['00s']
323,MATTHEW MAHAN,MATTHEW.MAHAN@sakilacustomer.org,183.0,114.69,['English             '],"['Action', 'Animation', 'Children', 'Drama', 'Foreign']",Cuautla,['00s']
324,GARY COY,GARY.COY@sakilacustomer.org,183.0,103.75,['English             '],"['Children', 'Comedy', 'Horror', 'Music', 'Travel']",Yuzhou,['00s']
325,TIMOTHY BUNN,TIMOTHY.BUNN@sakilacustomer.org,183.0,91.78,['English             '],"['Action', 'Classics', 'Family', 'Music', 'Sci-Fi']",Braslia,['00s']
326,JOSE ANDREW,JOSE.ANDREW@sakilacustomer.org,183.0,96.75,['English             '],"['Action', 'Children', 'Comedy', 'Documentary', 'Travel']",Kingstown,['00s']
327,LARRY THRASHER,LARRY.THRASHER@sakilacustomer.org,183.0,112.74,['English             '],"['Action', 'Children', 'Comedy', 'Documentary', 'Drama']",Adana,['00s']
328,JEFFREY SPEAR,JEFFREY.SPEAR@sakilacustomer.org,183.0,90.77,['English             '],"['Classics', 'Drama', 'Games', 'Horror', 'Music']",Ciparay,['00s']
329,FRANK WAGGONER,FRANK.WAGGONER@sakilacustomer.org,183.0,127.68,['English             '],"['Action', 'Animation', 'Classics', 'Comedy', 'Music']",Jamalpur,['00s']
330,SCOTT SHELLEY,SCOTT.SHELLEY@sakilacustomer.org,183.0,94.75,['English             '],"['Action', 'Children', 'Drama', 'Sports', 'Travel']",Aurora,['00s']
331,ERIC ROBERT,ERIC.ROBERT@sakilacustomer.org,183.0,122.73,['English             '],"['Action', 'Documentary', 'Horror', 'Music', 'Sci-Fi']",Santa F,['00s']
332,STEPHEN QUALLS,STEPHEN.QUALLS@sakilacustomer.org,183.0,118.72,['English             '],"['Classics', 'Documentary', 'Games', 'Horror', 'Travel']",Dhaka,['00s']
333,ANDREW PURDY,ANDREW.PURDY@sakilacustomer.org,183.0,109.73,['English             '],"['Comedy', 'Games', 'Horror', 'Sci-Fi', 'Travel']",Baku,['00s']
334,RAYMOND MCWHORTER,RAYMOND.MCWHORTER@sakilacustomer.org,183.0,135.7,['English             '],"['Animation', 'Drama', 'Family', 'Foreign', 'Travel']",Sumqayit,['00s']
335,GREGORY MAULDIN,GREGORY.MAULDIN@sakilacustomer.org,183.0,78.77,['English             '],"['Animation', 'Comedy', 'Foreign', 'Music', 'Sci-Fi']",Sousse,['00s']
336,JOSHUA MARK,JOSHUA.MARK@sakilacustomer.org,183.0,119.7,['English             '],"['Animation', 'Documentary', 'Family', 'Games', 'Horror']",Rampur,['00s']
337,JERRY JORDON,JERRY.JORDON@sakilacustomer.org,183.0,143.71,['English             '],"['Action', 'Animation', 'Comedy', 'Documentary', 'Sci-Fi']",Onomichi,['00s']
338,DENNIS GILMAN,DENNIS.GILMAN@sakilacustomer.org,183.0,114.72,['English             '],"['Animation', 'Children', 'Foreign', 'Music', 'Sports']",Paarl,['00s']
339,WALTER PERRYMAN,WALTER.PERRYMAN@sakilacustomer.org,183.0,127.7,['English             '],"['Animation', 'Family', 'Foreign', 'Games', 'Sports']",Xinxiang,['00s']
340,PATRICK NEWSOM,PATRICK.NEWSOM@sakilacustomer.org,183.0,119.69,['English             '],"['Classics', 'Comedy', 'Documentary', 'Family', 'Games']",Hanoi,['00s']
341,PETER MENARD,PETER.MENARD@sakilacustomer.org,183.0,106.77,['English             '],"['Action', 'Animation', 'Family', 'Sci-Fi', 'Sports']",Ede,['00s']
342,HAROLD MARTINO,HAROLD.MARTINO@sakilacustomer.org,183.0,130.68,['English             '],"['Action', 'Classics', 'Documentary', 'Games', 'Music']",Boa Vista,['00s']
343,DOUGLAS GRAF,DOUGLAS.GRAF@sakilacustomer.org,183.0,114.75,['English             '],"['Children', 'Comedy', 'Drama', 'Games', 'Sports']",Mexicali,['00s']
344,HENRY BILLINGSLEY,HENRY.BILLINGSLEY@sakilacustomer.org,183.0,73.82,['English             '],"['Action', 'Family', 'Foreign', 'Music', 'Sports']",Nukualofa,['00s']
345,CARL ARTIS,CARL.ARTIS@sakilacustomer.org,183.0,106.77,['English             '],"['Animation', 'Comedy', 'Family', 'Sci-Fi', 'Travel']",San Lorenzo,['00s']
346,ARTHUR SIMPKINS,ARTHUR.SIMPKINS@sakilacustomer.org,183.0,155.68,['English             '],"['Action', 'Games', 'Horror', 'Sci-Fi', 'Sports']",Maikop,['00s']
347,RYAN SALISBURY,RYAN.SALISBURY@sakilacustomer.org,183.0,142.7,['English             '],"['Classics', 'Documentary', 'Drama', 'Horror', 'Sports']",Daugavpils,['00s']
348,ROGER QUINTANILLA,ROGER.QUINTANILLA@sakilacustomer.org,183.0,146.64,['English             '],"['Action', 'Animation', 'Documentary', 'Drama', 'Music']",Hsichuh,['00s']
349,JOE GILLILAND,JOE.GILLILAND@sakilacustomer.org,183.0,138.71,['English             '],"['Documentary', 'Family', 'Foreign', 'Horror', 'Sports']",Imus,['00s']
350,JUAN FRALEY,JUAN.FRALEY@sakilacustomer.org,183.0,73.77,['English             '],"['Animation', 'Drama', 'Music', 'Sports', 'Travel']",Teboksary,['00s']
351,JACK FOUST,JACK.FOUST@sakilacustomer.org,183.0,89.76,['English             '],"['Classics', 'Foreign', 'Games', 'Horror', 'Sports']",Zeleznogorsk,['00s']
352,ALBERT CROUSE,ALBERT.CROUSE@sakilacustomer.org,183.0,99.77,['English             '],"['Action', 'Foreign', 'Games', 'Music', 'Sports']",Bamenda,['00s']
353,JONATHAN SCARBOROUGH,JONATHAN.SCARBOROUGH@sakilacustomer.org,183.0,72.82,['English             '],"['Action', 'Animation', 'Documentary', 'Family', 'Horror']",Pachuca de Soto,['00s']
354,JUSTIN NGO,JUSTIN.NGO@sakilacustomer.org,183.0,129.64,['English             '],"['Action', 'Children', 'Classics', 'Documentary', 'Sci-Fi']",Santo Andr,['00s']
355,TERRY GRISSOM,TERRY.GRISSOM@sakilacustomer.org,183.0,72.8,['English             '],"['Drama', 'Family', 'Foreign', 'Music', 'Sci-Fi']",Matsue,['00s']
356,GERALD FULTZ,GERALD.FULTZ@sakilacustomer.org,183.0,121.7,['English             '],"['Action', 'Drama', 'Foreign', 'Horror', 'Sports']",Satna,['00s']
357,KEITH RICO,KEITH.RICO@sakilacustomer.org,183.0,89.74,['English             '],"['Action', 'Documentary', 'Family', 'Games', 'Horror']",Bratislava,['00s']
358,SAMUEL MARLOW,SAMUEL.MARLOW@sakilacustomer.org,183.0,80.79,['English             '],"['Action', 'Comedy', 'Games', 'Sports', 'Travel']",Ranchi,['00s']
359,WILLIE MARKHAM,WILLIE.MARKHAM@sakilacustomer.org,183.0,101.75,['English             '],"['Action', 'Documentary', 'Music', 'Sci-Fi', 'Sports']",Almirante Brown,['00s']
360,RALPH MADRIGAL,RALPH.MADRIGAL@sakilacustomer.org,183.0,150.66,['English             '],"['Animation', 'Drama', 'Family', 'Horror', 'Music']",Arecibo,['00s']
361,LAWRENCE LAWTON,LAWRENCE.LAWTON@sakilacustomer.org,183.0,100.69,['English             '],"['Action', 'Children', 'Drama', 'Foreign', 'Travel']",Yaound,['00s']
362,NICHOLAS BARFIELD,NICHOLAS.BARFIELD@sakilacustomer.org,183.0,145.68,['English             '],"['Animation', 'Children', 'Family', 'Horror', 'Sports']",Belm,['00s']
363,ROY WHITING,ROY.WHITING@sakilacustomer.org,183.0,143.71,['English             '],"['Children', 'Comedy', 'Drama', 'Foreign', 'Games']",Nyeri,['00s']
364,BENJAMIN VARNEY,BENJAMIN.VARNEY@sakilacustomer.org,183.0,95.77,['English             '],"['Animation', 'Classics', 'Drama', 'Games', 'Sports']",Guadalajara,['00s']
365,BRUCE SCHWARZ,BRUCE.SCHWARZ@sakilacustomer.org,183.0,103.77,['English             '],"['Animation', 'Children', 'Games', 'Music', 'Sports']",Okinawa,['00s']
366,BRANDON HUEY,BRANDON.HUEY@sakilacustomer.org,183.0,152.63,['English             '],"['Classics', 'Drama', 'Sci-Fi', 'Sports', 'Travel']",Balikesir,['00s']
367,ADAM GOOCH,ADAM.GOOCH@sakilacustomer.org,183.0,101.78,['English             '],"['Children', 'Classics', 'Foreign', 'Games', 'Travel']",Adoni,['00s']
368,HARRY ARCE,HARRY.ARCE@sakilacustomer.org,183.0,157.65,['English             '],"['Animation', 'Comedy', 'Documentary', 'Family', 'Sports']",Najafabad,['00s']
369,FRED WHEAT,FRED.WHEAT@sakilacustomer.org,183.0,88.75,['English             '],"['Classics', 'Documentary', 'Foreign', 'Games', 'Sci-Fi']",Jurez,['00s']
370,WAYNE TRUONG,WAYNE.TRUONG@sakilacustomer.org,183.0,70.81,['English             '],"['Animation', 'Children', 'Drama', 'Games', 'Horror']",Gulbarga,['00s']
371,BILLY POULIN,BILLY.POULIN@sakilacustomer.org,183.0,149.65,['English             '],"['Animation', 'Classics', 'Music', 'Sci-Fi', 'Sports']",Cabuyao,['00s']
372,STEVE MACKENZIE,STEVE.MACKENZIE@sakilacustomer.org,183.0,158.66,['English             '],"['Action', 'Children', 'Drama', 'Foreign', 'Horror']",Probolinggo,['00s']
373,LOUIS LEONE,LOUIS.LEONE@sakilacustomer.org,183.0,161.65,['English             '],"['Animation', 'Family', 'Foreign', 'Games', 'Travel']",Tanauan,['00s']
374,JEREMY HURTADO,JEREMY.HURTADO@sakilacustomer.org,183.0,103.72,['English             '],"['Animation', 'Children', 'Games', 'Music', 'Sports']",Vitria de Santo Anto,['00s']
375,AARON SELBY,AARON.SELBY@sakilacustomer.org,183.0,110.76,['English             '],"['Comedy', 'Drama', 'Foreign', 'Games', 'Travel']",Mwene-Ditu,['00s']
376,RANDY GAITHER,RANDY.GAITHER@sakilacustomer.org,183.0,110.72,['English             '],"['Action', 'Classics', 'Family', 'Games', 'Sports']",Kurgan,['00s']
377,HOWARD FORTNER,HOWARD.FORTNER@sakilacustomer.org,183.0,93.74,['English             '],"['Children', 'Classics', 'Documentary', 'Family', 'Games']",Kermanshah,['00s']
378,EUGENE CULPEPPER,EUGENE.CULPEPPER@sakilacustomer.org,183.0,71.81,['English             '],"['Action', 'Animation', 'Comedy', 'Drama', 'Music']",Shenzhen,['00s']
379,CARLOS COUGHLIN,CARLOS.COUGHLIN@sakilacustomer.org,183.0,106.77,['English             '],"['Action', 'Comedy', 'Foreign', 'Sci-Fi', 'Sports']",Bhavnagar,['00s']
380,RUSSELL BRINSON,RUSSELL.BRINSON@sakilacustomer.org,183.0,136.64,['English             '],"['Animation', 'Comedy', 'Foreign', 'Sci-Fi', 'Sports']",Tychy,['00s']
381,BOBBY BOUDREAU,BOBBY.BOUDREAU@sakilacustomer.org,183.0,106.65,['English             '],"['Animation', 'Children', 'Games', 'Music', 'Sci-Fi']",South Hill,['00s']
382,VICTOR BARKLEY,VICTOR.BARKLEY@sakilacustomer.org,183.0,91.76,['English             '],"['Action', 'Classics', 'Drama', 'Family', 'Sci-Fi']",Manchester,['00s']
383,MARTIN BALES,MARTIN.BALES@sakilacustomer.org,183.0,103.73,['English             '],"['Animation', 'Children', 'Classics', 'Comedy', 'Music']",Namibe,['00s']
384,ERNEST STEPP,ERNEST.STEPP@sakilacustomer.org,183.0,89.75,['English             '],"['Children', 'Documentary', 'Drama', 'Foreign', 'Music']",Huaian,['00s']
385,PHILLIP HOLM,PHILLIP.HOLM@sakilacustomer.org,183.0,101.74,['English             '],"['Comedy', 'Horror', 'Music', 'Sci-Fi', 'Sports']",Tama,['00s']
386,TODD TAN,TODD.TAN@sakilacustomer.org,183.0,117.71,['English             '],"['Action', 'Children', 'Classics', 'Drama', 'Music']",Kamjanets-Podilskyi,['00s']
387,JESSE SCHILLING,JESSE.SCHILLING@sakilacustomer.org,183.0,101.74,['English             '],"['Action', 'Comedy', 'Documentary', 'Horror', 'Sci-Fi']",Lubumbashi,['00s']
388,CRAIG MORRELL,CRAIG.MORRELL@sakilacustomer.org,183.0,124.7,['English             '],"['Drama', 'Family', 'Games', 'Music', 'Sports']",Cavite,['00s']
389,ALAN KAHN,ALAN.KAHN@sakilacustomer.org,183.0,124.74,['English             '],"['Animation', 'Classics', 'Comedy', 'Documentary', 'Sports']",Emeishan,['00s']
390,SHAWN HEATON,SHAWN.HEATON@sakilacustomer.org,183.0,152.67,['English             '],"['Animation', 'Comedy', 'Games', 'Horror', 'Music']",Nakhon Sawan,['00s']
391,CLARENCE GAMEZ,CLARENCE.GAMEZ@sakilacustomer.org,183.0,104.7,['English             '],"['Animation', 'Classics', 'Drama', 'Sci-Fi', 'Sports']",Izumisano,['00s']
392,SEAN DOUGLASS,SEAN.DOUGLASS@sakilacustomer.org,183.0,91.77,['English             '],"['Animation', 'Classics', 'Documentary', 'Games', 'Horror']",Addis Abeba,['00s']
393,PHILIP CAUSEY,PHILIP.CAUSEY@sakilacustomer.org,183.0,121.69,['English             '],"['Animation', 'Drama', 'Family', 'Foreign', 'Horror']",Korolev,['00s']
394,CHRIS BROTHERS,CHRIS.BROTHERS@sakilacustomer.org,183.0,84.78,['English             '],"['Action', 'Animation', 'Drama', 'Sci-Fi', 'Sports']",Gijn,['00s']
395,JOHNNY TURPIN,JOHNNY.TURPIN@sakilacustomer.org,183.0,57.81,['English             '],"['Comedy', 'Documentary', 'Drama', 'Music', 'Sci-Fi']",al-Qadarif,['00s']
396,EARL SHANKS,EARL.SHANKS@sakilacustomer.org,183.0,111.73,['English             '],"['Action', 'Animation', 'Classics', 'Comedy', 'Documentary']",Iwatsuki,['00s']
397,JIMMY SCHRADER,JIMMY.SCHRADER@sakilacustomer.org,183.0,105.71,['English             '],"['Animation', 'Documentary', 'Foreign', 'Music', 'Sci-Fi']",Atinsk,['00s']
398,ANTONIO MEEK,ANTONIO.MEEK@sakilacustomer.org,183.0,78.84,['English             '],"['Children', 'Drama', 'Family', 'Foreign', 'Music']",Bag,['00s']
399,DANNY ISOM,DANNY.ISOM@sakilacustomer.org,183.0,91.79,['English             '],"['Action', 'Children', 'Documentary', 'Foreign', 'Sports']",Okara,['00s']
400,BRYAN HARDISON,BRYAN.HARDISON@sakilacustomer.org,183.0,124.72,['English             '],"['Action', 'Animation', 'Comedy', 'Horror', 'Sci-Fi']",Dallas,['00s']
401,TONY CARRANZA,TONY.CARRANZA@sakilacustomer.org,183.0,74.78,['English             '],"['Action', 'Animation', 'Children', 'Family', 'Travel']",Koriyama,['00s']
402,LUIS YANEZ,LUIS.YANEZ@sakilacustomer.org,183.0,79.8,['English             '],"['Children', 'Documentary', 'Family', 'Sci-Fi', 'Sports']",Brest,['00s']
403,MIKE WAY,MIKE.WAY@sakilacustomer.org,183.0,166.65,['English             '],"['Action', 'Classics', 'Foreign', 'Music', 'Sci-Fi']",Valparai,['00s']
404,STANLEY SCROGGINS,STANLEY.SCROGGINS@sakilacustomer.org,183.0,139.7,['English             '],"['Action', 'Animation', 'Foreign', 'Horror', 'Sports']",Omiya,['00s']
405,LEONARD SCHOFIELD,LEONARD.SCHOFIELD@sakilacustomer.org,183.0,109.68,['English             '],"['Action', 'Animation', 'Family', 'Horror', 'Sports']",Tandil,['00s']
406,NATHAN RUNYON,NATHAN.RUNYON@sakilacustomer.org,183.0,122.68,['English             '],"['Action', 'Animation', 'Classics', 'Comedy', 'Documentary']",Charlotte Amalie,['00s']
407,DALE RATCLIFF,DALE.RATCLIFF@sakilacustomer.org,183.0,112.73,['English             '],"['Classics', 'Drama', 'Family', 'Horror', 'Sci-Fi']",Rustenburg,['00s']
408,MANUEL MURRELL,MANUEL.MURRELL@sakilacustomer.org,183.0,116.7,['English             '],"['Children', 'Classics', 'Comedy', 'Games', 'Horror']",Jaffna,['00s']
409,RODNEY MOELLER,RODNEY.MOELLER@sakilacustomer.org,183.0,104.77,['English             '],"['Action', 'Animation', 'Children', 'Comedy', 'Documentary']",Deba Habe,['00s']
410,CURTIS IRBY,CURTIS.IRBY@sakilacustomer.org,183.0,167.62,['English             '],"['Documentary', 'Drama', 'Games', 'Horror', 'Sci-Fi']",Richmond Hill,['00s']
411,NORMAN CURRIER,NORMAN.CURRIER@sakilacustomer.org,183.0,80.74,['English             '],"['Animation', 'Documentary', 'Games', 'Music', 'Sports']",Cianjur,['00s']
412,ALLEN BUTTERFIELD,ALLEN.BUTTERFIELD@sakilacustomer.org,183.0,85.79,['English             '],"['Classics', 'Comedy', 'Documentary', 'Drama', 'Games']",Hoshiarpur,['00s']
413,MARVIN YEE,MARVIN.YEE@sakilacustomer.org,183.0,75.79,['English             '],"['Animation', 'Children', 'Comedy', 'Drama', 'Games']",Berhampore (Baharampur),['00s']
414,VINCENT RALSTON,VINCENT.RALSTON@sakilacustomer.org,183.0,105.75,['English             '],"['Documentary', 'Family', 'Games', 'Music', 'Travel']",Allende,['00s']
415,GLENN PULLEN,GLENN.PULLEN@sakilacustomer.org,183.0,93.77,['English             '],"['Action', 'Children', 'Comedy', 'Documentary', 'Sports']",Amersfoort,['00s']
416,JEFFERY PINSON,JEFFERY.PINSON@sakilacustomer.org,183.0,121.69,['English             '],"['Action', 'Classics', 'Documentary', 'Sci-Fi', 'Travel']",Dadu,['00s']
417,TRAVIS ESTEP,TRAVIS.ESTEP@sakilacustomer.org,183.0,110.75,['English             '],"['Animation', 'Comedy', 'Drama', 'Family', 'Sci-Fi']",al-Qatif,['00s']
418,JEFF EAST,JEFF.EAST@sakilacustomer.org,183.0,107.7,['English             '],"['Action', 'Family', 'Foreign', 'Games', 'Travel']",San Felipe de Puerto Plata,['00s']
419,CHAD CARBONE,CHAD.CARBONE@sakilacustomer.org,183.0,89.75,['English             '],"['Action', 'Animation', 'Classics', 'Horror', 'Sci-Fi']",Katihar,['00s']
420,JACOB LANCE,JACOB.LANCE@sakilacustomer.org,183.0,79.79,['English             '],"['Animation', 'Drama', 'Music', 'Sci-Fi', 'Sports']",El Monte,['00s']
421,LEE HAWKS,LEE.HAWKS@sakilacustomer.org,183.0,119.73,['English             '],"['Comedy', 'Documentary', 'Sci-Fi', 'Sports', 'Travel']",Pudukkottai,['00s']
422,MELVIN ELLINGTON,MELVIN.ELLINGTON@sakilacustomer.org,183.0,97.74,['English             '],"['Children', 'Documentary', 'Foreign', 'Horror', 'Sci-Fi']",Laohekou,['00s']
423,ALFRED CASILLAS,ALFRED.CASILLAS@sakilacustomer.org,183.0,120.74,['English             '],"['Action', 'Children', 'Documentary', 'Drama', 'Music']",Sawhaj,['00s']
424,KYLE SPURLOCK,KYLE.SPURLOCK@sakilacustomer.org,183.0,110.7,['English             '],"['Action', 'Animation', 'Documentary', 'Drama', 'Horror']",Shanwei,['00s']
425,FRANCIS SIKES,FRANCIS.SIKES@sakilacustomer.org,183.0,104.74,['English             '],"['Action', 'Classics', 'Documentary', 'Drama', 'Games']",San Juan Bautista Tuxtepec,['00s']
426,BRADLEY MOTLEY,BRADLEY.MOTLEY@sakilacustomer.org,183.0,126.73,['English             '],"['Action', 'Children', 'Classics', 'Drama', 'Travel']",Purnea (Purnia),['00s']
427,JESUS MCCARTNEY,JESUS.MCCARTNEY@sakilacustomer.org,183.0,114.76,['English             '],"['Action', 'Children', 'Comedy', 'Sports', 'Travel']",Guaruj,['00s']
428,HERBERT KRUGER,HERBERT.KRUGER@sakilacustomer.org,183.0,78.8,['English             '],"['Action', 'Classics', 'Documentary', 'Drama', 'Music']",Syktyvkar,['00s']
429,FREDERICK ISBELL,FREDERICK.ISBELL@sakilacustomer.org,183.0,105.79,['English             '],"['Classics', 'Comedy', 'Documentary', 'Foreign', 'Games']",Tsuyama,['00s']
430,RAY HOULE,RAY.HOULE@sakilacustomer.org,183.0,79.78,['English             '],"['Animation', 'Classics', 'Comedy', 'Documentary', 'Family']",Dzerzinsk,['00s']
431,JOEL FRANCISCO,JOEL.FRANCISCO@sakilacustomer.org,183.0,95.77,['English             '],"['Animation', 'Children', 'Comedy', 'Games', 'Sports']",Sucre,['00s']
432,EDWIN BURK,EDWIN.BURK@sakilacustomer.org,183.0,116.77,['English             '],"['Drama', 'Family', 'Games', 'Horror', 'Music']",Newcastle,['00s']
433,DON BONE,DON.BONE@sakilacustomer.org,183.0,133.75,['English             '],"['Action', 'Drama', 'Family', 'Foreign', 'Horror']",Naala-Porto,['00s']
434,EDDIE TOMLIN,EDDIE.TOMLIN@sakilacustomer.org,183.0,128.73,['English             '],"['Animation', 'Comedy', 'Documentary', 'Foreign', 'Horror']",Ozamis,['00s']
435,RICKY SHELBY,RICKY.SHELBY@sakilacustomer.org,183.0,91.75,['English             '],"['Animation', 'Comedy', 'Documentary', 'Drama', 'Foreign']",Junan,['00s']
436,TROY QUIGLEY,TROY.QUIGLEY@sakilacustomer.org,183.0,144.7,['English             '],"['Animation', 'Comedy', 'Family', 'Horror', 'Music']",Vancouver,['00s']
437,RANDALL NEUMANN,RANDALL.NEUMANN@sakilacustomer.org,183.0,99.77,['English             '],"['Comedy', 'Drama', 'Foreign', 'Horror', 'Sports']",La Romana,['00s']
438,BARRY LOVELACE,BARRY.LOVELACE@sakilacustomer.org,183.0,134.67,['English             '],"['Action', 'Animation', 'Comedy', 'Documentary', 'Horror']",Kitwe,['00s']
439,ALEXANDER FENNELL,ALEXANDER.FENNELL@sakilacustomer.org,183.0,151.64,['English             '],"['Animation', 'Children', 'Documentary', 'Foreign', 'Games']",Bergamo,['00s']
440,BERNARD COLBY,BERNARD.COLBY@sakilacustomer.org,183.0,88.78,['English             '],"['Animation', 'Documentary', 'Drama', 'Family', 'Music']",Dhule (Dhulia),['00s']
441,MARIO CHEATHAM,MARIO.CHEATHAM@sakilacustomer.org,183.0,112.72,['English             '],"['Children', 'Comedy', 'Drama', 'Family', 'Sci-Fi']",Batna,['00s']
442,LEROY BUSTAMANTE,LEROY.BUSTAMANTE@sakilacustomer.org,183.0,118.68,['English             '],"['Animation', 'Comedy', 'Documentary', 'Family', 'Foreign']",Tongliao,['00s']
443,FRANCISCO SKIDMORE,FRANCISCO.SKIDMORE@sakilacustomer.org,183.0,98.78,['English             '],"['Animation', 'Documentary', 'Drama', 'Games', 'Travel']",So Leopoldo,['00s']
444,MARCUS HIDALGO,MARCUS.HIDALGO@sakilacustomer.org,183.0,115.7,['English             '],"['Comedy', 'Games', 'Sci-Fi', 'Sports', 'Travel']",Tartu,['00s']
445,MICHEAL FORMAN,MICHEAL.FORMAN@sakilacustomer.org,183.0,102.74,['English             '],"['Action', 'Animation', 'Children', 'Games', 'Sci-Fi']",Escobar,['00s']
446,THEODORE CULP,THEODORE.CULP@sakilacustomer.org,183.0,116.69,['English             '],"['Children', 'Classics', 'Drama', 'Foreign', 'Travel']",Uluberia,['00s']
447,CLIFFORD BOWENS,CLIFFORD.BOWENS@sakilacustomer.org,183.0,113.71,['English             '],"['Animation', 'Comedy', 'Documentary', 'Drama', 'Horror']",Nabereznyje Telny,['00s']
448,MIGUEL BETANCOURT,MIGUEL.BETANCOURT@sakilacustomer.org,183.0,135.71,['English             '],"['Classics', 'Comedy', 'Documentary', 'Drama', 'Games']",Erlangen,['00s']
449,OSCAR AQUINO,OSCAR.AQUINO@sakilacustomer.org,183.0,99.8,['English             '],"['Action', 'Classics', 'Games', 'Sports', 'Travel']",Sirjan,['00s']
450,JAY ROBB,JAY.ROBB@sakilacustomer.org,183.0,89.74,['English             '],"['Classics', 'Documentary', 'Family', 'Horror', 'Sci-Fi']",Surakarta,['00s']
451,JIM REA,JIM.REA@sakilacustomer.org,183.0,128.67,['English             '],"['Classics', 'Drama', 'Foreign', 'Games', 'Sci-Fi']",El Fuerte,['00s']
452,TOM MILNER,TOM.MILNER@sakilacustomer.org,183.0,107.68,['English             '],"['Children', 'Documentary', 'Drama', 'Games', 'Sci-Fi']",Abu Dhabi,['00s']
453,CALVIN MARTEL,CALVIN.MARTEL@sakilacustomer.org,183.0,111.77,['English             '],"['Animation', 'Children', 'Family', 'Games', 'Sports']",Maracabo,['00s']
454,ALEX GRESHAM,ALEX.GRESHAM@sakilacustomer.org,183.0,151.67,['English             '],"['Comedy', 'Foreign', 'Music', 'Sports', 'Travel']",Uruapan,['00s']
455,JON WILES,JON.WILES@sakilacustomer.org,183.0,87.76,['English             '],"['Action', 'Family', 'Games', 'Music', 'Sci-Fi']",El Alto,['00s']
456,RONNIE RICKETTS,RONNIE.RICKETTS@sakilacustomer.org,183.0,100.75,['English             '],"['Classics', 'Documentary', 'Family', 'Games', 'Sci-Fi']",Ziguinchor,['00s']
457,BILL GAVIN,BILL.GAVIN@sakilacustomer.org,183.0,114.72,['English             '],"['Comedy', 'Documentary', 'Family', 'Music', 'Sports']",Rockford,['00s']
458,LLOYD DOWD,LLOYD.DOWD@sakilacustomer.org,183.0,66.81,['English             '],"['Classics', 'Comedy', 'Documentary', 'Foreign', 'Sci-Fi']",Tegal,['00s']
459,TOMMY COLLAZO,TOMMY.COLLAZO@sakilacustomer.org,183.0,186.62,['English             '],"['Comedy', 'Drama', 'Games', 'Horror', 'Travel']",Qomsheh,['00s']
460,LEON BOSTIC,LEON.BOSTIC@sakilacustomer.org,183.0,109.75,['English             '],"['Animation', 'Documentary', 'Foreign', 'Sci-Fi', 'Travel']",Florencia,['00s']
461,DEREK BLAKELY,DEREK.BLAKELY@sakilacustomer.org,183.0,97.72,['English             '],"['Animation', 'Comedy', 'Family', 'Horror', 'Sci-Fi']",Gingoog,['00s']
462,WARREN SHERROD,WARREN.SHERROD@sakilacustomer.org,183.0,159.67,['English             '],"['Animation', 'Children', 'Classics', 'Horror', 'Travel']",Usolje-Sibirskoje,['00s']
463,DARRELL POWER,DARRELL.POWER@sakilacustomer.org,183.0,91.75,['English             '],"['Action', 'Animation', 'Classics', 'Documentary', 'Sci-Fi']",Halifax,['00s']
464,JEROME KENYON,JEROME.KENYON@sakilacustomer.org,183.0,73.84,['English             '],"['Animation', 'Comedy', 'Drama', 'Family', 'Foreign']",Rancagua,['00s']
465,FLOYD GANDY,FLOYD.GANDY@sakilacustomer.org,183.0,69.83,['English             '],"['Animation', 'Children', 'Comedy', 'Foreign', 'Horror']",Zapopan,['00s']
466,LEO EBERT,LEO.EBERT@sakilacustomer.org,183.0,104.77,['English             '],"['Comedy', 'Documentary', 'Foreign', 'Horror', 'Travel']",Dongying,['00s']
467,ALVIN DELOACH,ALVIN.DELOACH@sakilacustomer.org,183.0,139.71,['English             '],"['Action', 'Children', 'Horror', 'Sports', 'Travel']",Cuauhtmoc,['00s']
468,TIM CARY,TIM.CARY@sakilacustomer.org,183.0,175.61,['English             '],"['Animation', 'Classics', 'Drama', 'Games', 'Sports']",Bijapur,['00s']
469,WESLEY BULL,WESLEY.BULL@sakilacustomer.org,183.0,177.6,['English             '],"['Action', 'Foreign', 'Games', 'Horror', 'Travel']",Ourense (Orense),['00s']
470,GORDON ALLARD,GORDON.ALLARD@sakilacustomer.org,183.0,160.68,['English             '],"['Animation', 'Drama', 'Horror', 'Sci-Fi', 'Sports']",Hodeida,['00s']
471,DEAN SAUER,DEAN.SAUER@sakilacustomer.org,183.0,109.73,['English             '],"['Classics', 'Comedy', 'Music', 'Sports', 'Travel']",Johannesburg,['00s']
472,GREG ROBINS,GREG.ROBINS@sakilacustomer.org,183.0,141.7,['English             '],"['Animation', 'Comedy', 'Drama', 'Horror', 'Music']",Nam Dinh,['00s']
473,JORGE OLIVARES,JORGE.OLIVARES@sakilacustomer.org,183.0,134.66,['English             '],"['Comedy', 'Documentary', 'Drama', 'Family', 'Foreign']",Lhokseumawe,['00s']
474,DUSTIN GILLETTE,DUSTIN.GILLETTE@sakilacustomer.org,183.0,100.74,['English             '],"['Animation', 'Drama', 'Family', 'Games', 'Sci-Fi']",Emmen,['00s']
475,PEDRO CHESTNUT,PEDRO.CHESTNUT@sakilacustomer.org,183.0,103.76,['English             '],"['Action', 'Classics', 'Drama', 'Foreign', 'Horror']",ostka,['00s']
476,DERRICK BOURQUE,DERRICK.BOURQUE@sakilacustomer.org,183.0,95.78,['English             '],"['Animation', 'Children', 'Games', 'Horror', 'Sci-Fi']",Gatineau,['00s']
477,DAN PAINE,DAN.PAINE@sakilacustomer.org,183.0,109.78,['English             '],"['Animation', 'Comedy', 'Drama', 'Horror', 'Sports']",Stockport,['00s']
478,LEWIS LYMAN,LEWIS.LYMAN@sakilacustomer.org,183.0,86.81,['English             '],"['Action', 'Animation', 'Classics', 'Comedy', 'Drama']",Ashqelon,['00s']
479,ZACHARY HITE,ZACHARY.HITE@sakilacustomer.org,183.0,146.69,['English             '],"['Children', 'Comedy', 'Foreign', 'Sports', 'Travel']",Akron,['00s']
480,COREY HAUSER,COREY.HAUSER@sakilacustomer.org,183.0,101.78,['English             '],"['Action', 'Classics', 'Comedy', 'Drama', 'Family']",Gaziantep,['00s']
481,HERMAN DEVORE,HERMAN.DEVORE@sakilacustomer.org,183.0,115.71,['English             '],"['Children', 'Horror', 'Music', 'Sports', 'Travel']",Mwanza,['00s']
482,MAURICE CRAWLEY,MAURICE.CRAWLEY@sakilacustomer.org,183.0,138.71,['English             '],"['Action', 'Documentary', 'Foreign', 'Sci-Fi', 'Sports']",Coatzacoalcos,['00s']
483,VERNON CHAPA,VERNON.CHAPA@sakilacustomer.org,183.0,88.82,['English             '],"['Animation', 'Children', 'Comedy', 'Documentary', 'Music']",Denizli,['00s']
484,ROBERTO VU,ROBERTO.VU@sakilacustomer.org,183.0,139.7,['English             '],"['Children', 'Documentary', 'Drama', 'Music', 'Sports']",Yinchuan,['00s']
485,CLYDE TOBIAS,CLYDE.TOBIAS@sakilacustomer.org,183.0,115.71,['English             '],"['Animation', 'Children', 'Documentary', 'Foreign', 'Horror']",Shaoguan,['00s']
486,GLEN TALBERT,GLEN.TALBERT@sakilacustomer.org,183.0,113.74,['English             '],"['Children', 'Documentary', 'Games', 'Sci-Fi', 'Sports']",Acua,['00s']
487,HECTOR POINDEXTER,HECTOR.POINDEXTER@sakilacustomer.org,183.0,119.74,['English             '],"['Action', 'Animation', 'Classics', 'Drama', 'Family']",Pjatigorsk,['00s']
488,SHANE MILLARD,SHANE.MILLARD@sakilacustomer.org,183.0,95.78,['English             '],"['Action', 'Documentary', 'Foreign', 'Horror', 'Sci-Fi']",La Paz,['00s']
489,RICARDO MEADOR,RICARDO.MEADOR@sakilacustomer.org,183.0,99.79,['English             '],"['Animation', 'Comedy', 'Games', 'Horror', 'Travel']",Okayama,['00s']
490,SAM MCDUFFIE,SAM.MCDUFFIE@sakilacustomer.org,183.0,117.76,['English             '],"['Animation', 'Documentary', 'Foreign', 'Games', 'Travel']",Sogamoso,['00s']
491,RICK MATTOX,RICK.MATTOX@sakilacustomer.org,183.0,124.73,['English             '],"['Animation', 'Documentary', 'Drama', 'Sci-Fi', 'Sports']",Mit Ghamr,['00s']
492,LESTER KRAUS,LESTER.KRAUS@sakilacustomer.org,183.0,65.84,['English             '],"['Action', 'Classics', 'Documentary', 'Sci-Fi', 'Travel']",Kanchrapara,['00s']
493,BRENT HARKINS,BRENT.HARKINS@sakilacustomer.org,183.0,112.77,['English             '],"['Animation', 'Children', 'Documentary', 'Horror', 'Travel']",Sultanbeyli,['00s']
494,RAMON CHOATE,RAMON.CHOATE@sakilacustomer.org,183.0,140.69,['English             '],"['Action', 'Animation', 'Family', 'Games', 'Sports']",Robamba,['00s']
495,CHARLIE BESS,CHARLIE.BESS@sakilacustomer.org,183.0,120.74,['English             '],"['Action', 'Classics', 'Drama', 'Family', 'Games']",Baiyin,['00s']
496,TYLER WREN,TYLER.WREN@sakilacustomer.org,183.0,88.79,['English             '],"['Animation', 'Children', 'Classics', 'Documentary', 'Sports']",Rizhao,['00s']
497,GILBERT SLEDGE,GILBERT.SLEDGE@sakilacustomer.org,183.0,129.72,['English             '],"['Documentary', 'Drama', 'Family', 'Games', 'Sci-Fi']",York,['00s']
498,GENE SANBORN,GENE.SANBORN@sakilacustomer.org,183.0,97.73,['English             '],"['Documentary', 'Family', 'Games', 'Horror', 'Sci-Fi']",Salala,['00s']
499,MARC OUTLAW,MARC.OUTLAW@sakilacustomer.org,183.0,123.7,['English             '],"['Children', 'Classics', 'Family', 'Foreign', 'Games']",Brindisi,['00s']
500,REGINALD KINDER,REGINALD.KINDER@sakilacustomer.org,183.0,115.72,['English             '],"['Children', 'Classics', 'Family', 'Games', 'Travel']",Madiun,['00s']
501,RUBEN GEARY,RUBEN.GEARY@sakilacustomer.org,183.0,89.79,['English             '],"['Action', 'Comedy', 'Family', 'Sci-Fi', 'Travel']",Lublin,['00s']
502,BRETT CORNWELL,BRETT.CORNWELL@sakilacustomer.org,183.0,138.66,['English             '],"['Action', 'Animation', 'Children', 'Foreign', 'Sports']",Siliguri (Shiliguri),['00s']
503,ANGEL BARCLAY,ANGEL.BARCLAY@sakilacustomer.org,183.0,115.68,['English             '],"['Children', 'Drama', 'Family', 'Horror', 'Sci-Fi']",Ueda,['00s']
504,NATHANIEL ADAM,NATHANIEL.ADAM@sakilacustomer.org,183.0,133.72,['English             '],"['Children', 'Documentary', 'Drama', 'Sports', 'Travel']",Joliet,['00s']
505,RAFAEL ABNEY,RAFAEL.ABNEY@sakilacustomer.org,183.0,97.79,['English             '],"['Action', 'Animation', 'Documentary', 'Foreign', 'Horror']",Talavera,['00s']
506,LESLIE SEWARD,LESLIE.SEWARD@sakilacustomer.org,183.0,152.65,['English             '],"['Action', 'Children', 'Documentary', 'Drama', 'Games']",Pontianak,['00s']
507,EDGAR RHOADS,EDGAR.RHOADS@sakilacustomer.org,183.0,95.75,['English             '],"['Documentary', 'Music', 'Sci-Fi', 'Sports', 'Travel']",Eskisehir,['00s']
508,MILTON HOWLAND,MILTON.HOWLAND@sakilacustomer.org,183.0,127.75,['English             '],"['Action', 'Drama', 'Family', 'Sci-Fi', 'Sports']",Vijayawada,['00s']
509,RAUL FORTIER,RAUL.FORTIER@sakilacustomer.org,183.0,100.8,['English             '],"['Animation', 'Classics', 'Comedy', 'Foreign', 'Travel']",Chapra,['00s']
510,BEN EASTER,BEN.EASTER@sakilacustomer.org,183.0,122.74,['English             '],"['Action', 'Animation', 'Children', 'Comedy', 'Drama']",Kamyin,['00s']
511,CHESTER BENNER,CHESTER.BENNER@sakilacustomer.org,183.0,99.76,['English             '],"['Animation', 'Children', 'Drama', 'Music', 'Sports']",Suihua,['00s']
512,CECIL VINES,CECIL.VINES@sakilacustomer.org,183.0,115.74,['English             '],"['Children', 'Documentary', 'Drama', 'Games', 'Sci-Fi']",London,['00s']
513,DUANE TUBBS,DUANE.TUBBS@sakilacustomer.org,183.0,148.69,['English             '],"['Comedy', 'Documentary', 'Games', 'Horror', 'Travel']",Yangor,['00s']
514,FRANKLIN TROUTMAN,FRANKLIN.TROUTMAN@sakilacustomer.org,183.0,74.78,['English             '],"['Action', 'Documentary', 'Horror', 'Music', 'Travel']",Zaoyang,['00s']
515,ANDRE RAPP,ANDRE.RAPP@sakilacustomer.org,183.0,126.72,['English             '],"['Children', 'Classics', 'Documentary', 'Foreign', 'Horror']",Coquimbo,['00s']
516,ELMER NOE,ELMER.NOE@sakilacustomer.org,183.0,98.74,['English             '],"['Action', 'Animation', 'Music', 'Sci-Fi', 'Travel']",Battambang,['00s']
517,BRAD MCCURDY,BRAD.MCCURDY@sakilacustomer.org,183.0,105.75,['English             '],"['Comedy', 'Documentary', 'Games', 'Horror', 'Sci-Fi']",Chungho,['00s']
518,GABRIEL HARDER,GABRIEL.HARDER@sakilacustomer.org,183.0,111.74,['English             '],"['Action', 'Animation', 'Documentary', 'Games', 'Travel']",Sivas,['00s']
519,RON DELUCA,RON.DELUCA@sakilacustomer.org,183.0,103.77,['English             '],"['Children', 'Comedy', 'Drama', 'Family', 'Horror']",Isesaki,['00s']
520,MITCHELL WESTMORELAND,MITCHELL.WESTMORELAND@sakilacustomer.org,183.0,134.68,['English             '],"['Documentary', 'Drama', 'Foreign', 'Games', 'Sports']",Nha Trang,['00s']
521,ROLAND SOUTH,ROLAND.SOUTH@sakilacustomer.org,183.0,80.77,['English             '],"['Children', 'Family', 'Foreign', 'Games', 'Travel']",Yingkou,['00s']
522,ARNOLD HAVENS,ARNOLD.HAVENS@sakilacustomer.org,183.0,167.67,['English             '],"['Action', 'Animation', 'Children', 'Family', 'Horror']",Santa Rosa,['00s']
523,HARVEY GUAJARDO,HARVEY.GUAJARDO@sakilacustomer.org,183.0,93.78,['English             '],"['Animation', 'Classics', 'Documentary', 'Foreign', 'Music']",Vinh,['00s']
524,JARED ELY,JARED.ELY@sakilacustomer.org,183.0,87.81,['English             '],"['Animation', 'Children', 'Classics', 'Family', 'Games']",Purwakarta,['00s']
525,ADRIAN CLARY,ADRIAN.CLARY@sakilacustomer.org,183.0,74.81,['English             '],"['Children', 'Games', 'Horror', 'Music', 'Sports']",Udine,['00s']
526,KARL SEAL,KARL.SEAL@sakilacustomer.org,183.0,221.55,['English             '],"['Action', 'Animation', 'Family', 'Games', 'Travel']",Cape Coral,['00s']
527,CORY MEEHAN,CORY.MEEHAN@sakilacustomer.org,183.0,81.76,['English             '],"['Animation', 'Classics', 'Drama', 'Horror', 'Sports']",Mogiljov,['00s']
528,CLAUDE HERZOG,CLAUDE.HERZOG@sakilacustomer.org,183.0,111.75,['English             '],"['Animation', 'Comedy', 'Family', 'Foreign', 'Travel']",Benguela,['00s']
529,ERIK GUILLEN,ERIK.GUILLEN@sakilacustomer.org,183.0,118.71,['English             '],"['Animation', 'Foreign', 'Games', 'Horror', 'Sci-Fi']",Bhimavaram,['00s']
530,DARRYL ASHCRAFT,DARRYL.ASHCRAFT@sakilacustomer.org,183.0,76.77,['English             '],"['Action', 'Animation', 'Comedy', 'Foreign', 'Games']",Ezeiza,['00s']
531,JAMIE WAUGH,JAMIE.WAUGH@sakilacustomer.org,183.0,118.75,['English             '],"['Action', 'Children', 'Family', 'Horror', 'Sports']",Kuwana,['00s']
532,NEIL RENNER,NEIL.RENNER@sakilacustomer.org,183.0,152.68,['English             '],"['Classics', 'Documentary', 'Foreign', 'Horror', 'Travel']",Cam Ranh,['00s']
533,JESSIE MILAM,JESSIE.MILAM@sakilacustomer.org,183.0,141.67,['English             '],"['Family', 'Horror', 'Sci-Fi', 'Sports', 'Travel']",Binzhou,['00s']
534,CHRISTIAN JUNG,CHRISTIAN.JUNG@sakilacustomer.org,183.0,88.76,['English             '],"['Children', 'Drama', 'Family', 'Games', 'Music']",Amroha,['00s']
535,JAVIER ELROD,JAVIER.ELROD@sakilacustomer.org,183.0,135.68,['English             '],"['Animation', 'Documentary', 'Horror', 'Sci-Fi', 'Sports']",NDjamna,['00s']
536,FERNANDO CHURCHILL,FERNANDO.CHURCHILL@sakilacustomer.org,183.0,117.75,['English             '],"['Foreign', 'Games', 'Music', 'Sports', 'Travel']",Tonghae,['00s']
537,CLINTON BUFORD,CLINTON.BUFORD@sakilacustomer.org,183.0,103.75,['English             '],"['Children', 'Comedy', 'Documentary', 'Foreign', 'Games']",Aurora,['00s']
538,TED BREAUX,TED.BREAUX@sakilacustomer.org,183.0,117.71,['English             '],"['Drama', 'Foreign', 'Horror', 'Sci-Fi', 'Sports']",Baicheng,['00s']
539,MATHEW BOLIN,MATHEW.BOLIN@sakilacustomer.org,183.0,90.78,['English             '],"['Animation', 'Documentary', 'Foreign', 'Games', 'Sports']",Valencia,['00s']
540,TYRONE ASHER,TYRONE.ASHER@sakilacustomer.org,183.0,112.76,['English             '],"['Action', 'Animation', 'Children', 'Classics', 'Sci-Fi']",Ruse,['00s']
541,DARREN WINDHAM,DARREN.WINDHAM@sakilacustomer.org,183.0,108.76,['English             '],"['Animation', 'Classics', 'Family', 'Music', 'Sports']",Livorno,['00s']
542,LONNIE TIRADO,LONNIE.TIRADO@sakilacustomer.org,183.0,94.82,['English             '],"['Classics', 'Family', 'Sci-Fi', 'Sports', 'Travel']",Pangkal Pinang,['00s']
543,LANCE PEMBERTON,LANCE.PEMBERTON@sakilacustomer.org,183.0,82.78,['English             '],"['Animation', 'Children', 'Foreign', 'Music', 'Travel']",Beni-Mellal,['00s']
544,CODY NOLEN,CODY.NOLEN@sakilacustomer.org,183.0,98.78,['English             '],"['Animation', 'Games', 'Horror', 'Sci-Fi', 'Sports']",So Bernardo do Campo,['00s']
545,JULIO NOLAND,JULIO.NOLAND@sakilacustomer.org,183.0,89.79,['English             '],"['Animation', 'Documentary', 'Family', 'Games', 'Sci-Fi']",Konotop,['00s']
546,KELLY KNOTT,KELLY.KNOTT@sakilacustomer.org,183.0,107.74,['English             '],"['Animation', 'Documentary', 'Drama', 'Family', 'Sports']",Sanya,['00s']
547,KURT EMMONS,KURT.EMMONS@sakilacustomer.org,183.0,99.77,['English             '],"['Action', 'Classics', 'Games', 'Music', 'Travel']",Kanazawa,['00s']
548,ALLAN CORNISH,ALLAN.CORNISH@sakilacustomer.org,183.0,79.81,['English             '],"['Children', 'Classics', 'Comedy', 'Foreign', 'Games']",Tarlac,['00s']
549,NELSON CHRISTENSON,NELSON.CHRISTENSON@sakilacustomer.org,183.0,77.8,['English             '],"['Children', 'Classics', 'Comedy', 'Foreign', 'Horror']",Santiago de Compostela,['00s']
550,GUY BROWNLEE,GUY.BROWNLEE@sakilacustomer.org,183.0,159.68,['English             '],"['Animation', 'Children', 'Documentary', 'Foreign', 'Games']",Zhoushan,['00s']
551,CLAYTON BARBEE,CLAYTON.BARBEE@sakilacustomer.org,183.0,96.74,['English             '],"['Children', 'Comedy', 'Documentary', 'Sci-Fi', 'Travel']",Alvorada,['00s']
552,HUGH WALDROP,HUGH.WALDROP@sakilacustomer.org,183.0,90.79,['English             '],"['Classics', 'Comedy', 'Games', 'Sci-Fi', 'Sports']",Haining,['00s']
553,MAX PITT,MAX.PITT@sakilacustomer.org,183.0,107.76,['English             '],"['Animation', 'Children', 'Horror', 'Sci-Fi', 'Travel']",Novi Sad,['00s']
554,DWAYNE OLVERA,DWAYNE.OLVERA@sakilacustomer.org,183.0,101.78,['English             '],"['Action', 'Animation', 'Classics', 'Family', 'Sports']",Rajkot,['00s']
555,DWIGHT LOMBARDI,DWIGHT.LOMBARDI@sakilacustomer.org,183.0,74.83,['English             '],"['Classics', 'Documentary', 'Drama', 'Horror', 'Sports']",Chatsworth,['00s']
556,ARMANDO GRUBER,ARMANDO.GRUBER@sakilacustomer.org,183.0,83.79,['English             '],"['Action', 'Classics', 'Foreign', 'Horror', 'Sports']",Southport,['00s']
557,FELIX GAFFNEY,FELIX.GAFFNEY@sakilacustomer.org,183.0,73.76,['English             '],"['Action', 'Animation', 'Children', 'Music', 'Sports']",Vilnius,['00s']
558,JIMMIE EGGLESTON,JIMMIE.EGGLESTON@sakilacustomer.org,183.0,135.72,['English             '],"['Comedy', 'Foreign', 'Games', 'Sports', 'Travel']",Wroclaw,['00s']
559,EVERETT BANDA,EVERETT.BANDA@sakilacustomer.org,183.0,110.72,['English             '],"['Animation', 'Drama', 'Foreign', 'Games', 'Travel']",Bilbays,['00s']
560,JORDAN ARCHULETA,JORDAN.ARCHULETA@sakilacustomer.org,183.0,132.7,['English             '],"['Animation', 'Children', 'Drama', 'Family', 'Games']",Avellaneda,['00s']
561,IAN STILL,IAN.STILL@sakilacustomer.org,183.0,96.73,['English             '],"['Action', 'Animation', 'Family', 'Games', 'Music']",Garland,['00s']
562,WALLACE SLONE,WALLACE.SLONE@sakilacustomer.org,183.0,109.75,['English             '],"['Classics', 'Comedy', 'Foreign', 'Games', 'Music']",Sokoto,['00s']
563,KEN PREWITT,KEN.PREWITT@sakilacustomer.org,183.0,110.71,['English             '],"['Children', 'Comedy', 'Music', 'Sports', 'Travel']",Bucuresti,['00s']
564,BOB PFEIFFER,BOB.PFEIFFER@sakilacustomer.org,183.0,91.76,['English             '],"['Action', 'Children', 'Classics', 'Family', 'Horror']",Xintai,['00s']
565,JAIME NETTLES,JAIME.NETTLES@sakilacustomer.org,183.0,126.71,['English             '],"['Children', 'Classics', 'Games', 'Horror', 'Sports']",Hunuco,['00s']
566,CASEY MENA,CASEY.MENA@sakilacustomer.org,183.0,141.66,['English             '],"['Animation', 'Children', 'Drama', 'Games', 'Sci-Fi']",Tokat,['00s']
567,ALFREDO MCADAMS,ALFREDO.MCADAMS@sakilacustomer.org,183.0,85.8,['English             '],"['Family', 'Games', 'Music', 'Sci-Fi', 'Sports']",Serpuhov,['00s']
568,ALBERTO HENNING,ALBERTO.HENNING@sakilacustomer.org,183.0,66.79,['English             '],"['Action', 'Comedy', 'Documentary', 'Games', 'Music']",Barcelona,['00s']
569,DAVE GARDINER,DAVE.GARDINER@sakilacustomer.org,183.0,134.68,['English             '],"['Animation', 'Family', 'Games', 'Horror', 'Sports']",Leshan,['00s']
570,IVAN CROMWELL,IVAN.CROMWELL@sakilacustomer.org,183.0,99.74,['English             '],"['Action', 'Family', 'Foreign', 'Sports', 'Travel']",Monclova,['00s']
571,JOHNNIE CHISHOLM,JOHNNIE.CHISHOLM@sakilacustomer.org,183.0,121.76,['English             '],"['Classics', 'Drama', 'Family', 'Music', 'Sports']",Plock,['00s']
572,SIDNEY BURLESON,SIDNEY.BURLESON@sakilacustomer.org,183.0,108.75,['English             '],"['Documentary', 'Drama', 'Games', 'Sports', 'Travel']",Czestochowa,['00s']
573,BYRON BOX,BYRON.BOX@sakilacustomer.org,183.0,120.71,['English             '],"['Action', 'Comedy', 'Drama', 'Music', 'Travel']",Zhezqazghan,['00s']
574,JULIAN VEST,JULIAN.VEST@sakilacustomer.org,183.0,109.72,['English             '],"['Action', 'Animation', 'Children', 'Documentary', 'Sci-Fi']",Akishima,['00s']
575,ISAAC OGLESBY,ISAAC.OGLESBY@sakilacustomer.org,183.0,126.71,['English             '],"['Documentary', 'Foreign', 'Horror', 'Music', 'Sports']",Cuernavaca,['00s']
576,MORRIS MCCARTER,MORRIS.MCCARTER@sakilacustomer.org,183.0,139.66,['English             '],"['Animation', 'Drama', 'Family', 'Horror', 'Sci-Fi']",Fengshan,['00s']
577,CLIFTON MALCOLM,CLIFTON.MALCOLM@sakilacustomer.org,183.0,118.72,['English             '],"['Animation', 'Comedy', 'Drama', 'Family', 'Sci-Fi']",Tanshui,['00s']
578,WILLARD LUMPKIN,WILLARD.LUMPKIN@sakilacustomer.org,183.0,96.78,['English             '],"['Classics', 'Family', 'Games', 'Sci-Fi', 'Travel']",Carmen,['00s']
579,DARYL LARUE,DARYL.LARUE@sakilacustomer.org,183.0,111.73,['English             '],"['Action', 'Comedy', 'Drama', 'Horror', 'Sports']",Mosul,['00s']
580,ROSS GREY,ROSS.GREY@sakilacustomer.org,183.0,99.73,['English             '],"['Action', 'Comedy', 'Foreign', 'Games', 'Sci-Fi']",Iligan,['00s']
581,VIRGIL WOFFORD,VIRGIL.WOFFORD@sakilacustomer.org,183.0,107.73,['English             '],"['Animation', 'Classics', 'Foreign', 'Horror', 'Music']",Jos Azueta,['00s']
582,ANDY VANHORN,ANDY.VANHORN@sakilacustomer.org,183.0,113.75,['English             '],"['Animation', 'Classics', 'Foreign', 'Sci-Fi', 'Sports']",Huejutla de Reyes,['00s']
583,MARSHALL THORN,MARSHALL.THORN@sakilacustomer.org,183.0,117.77,['English             '],"['Documentary', 'Drama', 'Family', 'Horror', 'Sports']",Southampton,['00s']
584,SALVADOR TEEL,SALVADOR.TEEL@sakilacustomer.org,183.0,129.7,['English             '],"['Animation', 'Comedy', 'Documentary', 'Drama', 'Family']",Banjul,['00s']
585,PERRY SWAFFORD,PERRY.SWAFFORD@sakilacustomer.org,183.0,117.76,['English             '],"['Action', 'Classics', 'Foreign', 'Games', 'Sports']",Quilmes,['00s']
586,KIRK STCLAIR,KIRK.STCLAIR@sakilacustomer.org,183.0,64.81,['English             '],"['Animation', 'Classics', 'Documentary', 'Foreign', 'Games']",Tsaotun,['00s']
587,SERGIO STANFIELD,SERGIO.STANFIELD@sakilacustomer.org,183.0,108.74,['English             '],"['Action', 'Animation', 'Documentary', 'Family', 'Horror']",Celaya,['00s']
588,MARION OCAMPO,MARION.OCAMPO@sakilacustomer.org,183.0,115.71,['English             '],"['Action', 'Children', 'Classics', 'Documentary', 'Family']",Weifang,['00s']
589,TRACY HERRMANN,TRACY.HERRMANN@sakilacustomer.org,183.0,129.72,['English             '],"['Animation', 'Comedy', 'Documentary', 'Sci-Fi', 'Sports']",Loja,['00s']
590,SETH HANNON,SETH.HANNON@sakilacustomer.org,183.0,112.75,['English             '],"['Documentary', 'Drama', 'Games', 'Sci-Fi', 'Sports']",al-Manama,['00s']
591,KENT ARSENAULT,KENT.ARSENAULT@sakilacustomer.org,183.0,134.73,['English             '],"['Animation', 'Comedy', 'Documentary', 'Sci-Fi', 'Sports']",Juiz de Fora,['00s']
592,TERRANCE ROUSH,TERRANCE.ROUSH@sakilacustomer.org,183.0,111.71,['English             '],"['Children', 'Classics', 'Games', 'Sci-Fi', 'Sports']",Szkesfehrvr,['00s']
593,RENE MCALISTER,RENE.MCALISTER@sakilacustomer.org,183.0,113.74,['English             '],"['Animation', 'Children', 'Classics', 'Comedy', 'Travel']",Garden Grove,['00s']
594,EDUARDO HIATT,EDUARDO.HIATT@sakilacustomer.org,183.0,130.73,['English             '],"['Action', 'Children', 'Horror', 'Sports', 'Travel']",Jining,['00s']
595,TERRENCE GUNDERSON,TERRENCE.GUNDERSON@sakilacustomer.org,183.0,117.7,['English             '],"['Action', 'Children', 'Comedy', 'Documentary', 'Music']",Jinzhou,['00s']
596,ENRIQUE FORSYTHE,ENRIQUE.FORSYTHE@sakilacustomer.org,183.0,96.72,['English             '],"['Classics', 'Foreign', 'Games', 'Music', 'Sports']",Patras,['00s']
597,FREDDIE DUGGAN,FREDDIE.DUGGAN@sakilacustomer.org,183.0,99.75,['English             '],"['Action', 'Children', 'Foreign', 'Sci-Fi', 'Sports']",Sullana,['00s']
598,WADE DELVALLE,WADE.DELVALLE@sakilacustomer.org,183.0,83.78,['English             '],"['Comedy', 'Documentary', 'Foreign', 'Games', 'Horror']",Lausanne,['00s']
599,AUSTIN CINTRON,AUSTIN.CINTRON@sakilacustomer.org,183.0,83.81,['English             '],"['Comedy', 'Foreign', 'Games', 'Sci-Fi', 'Travel']",Tieli,['00s']
